task,model_id,feature_set,model_family,scoring_population,coalition_id,loss,n_conditions,groups,n_groups,null_loss,predictive_value
regression,descriptor24_buffer_regressor_xgboost,descriptor24,XGBoost,all,empty,10.384571205382223,272,,0,10.384571205382223,0.0
regression,descriptor24_buffer_regressor_xgboost,descriptor24,XGBoost,all,polymer,6.654210497295667,272,polymer,1,10.384571205382223,3.7303607080865557
regression,descriptor24_buffer_regressor_xgboost,descriptor24,XGBoost,all,additive,9.65961037911581,272,additive,1,10.384571205382223,0.7249608262664129
regression,descriptor24_buffer_regressor_xgboost,descriptor24,XGBoost,all,salt,8.3734121496351,272,salt,1,10.384571205382223,2.0111590557471217
regression,descriptor24_buffer_regressor_xgboost,descriptor24,XGBoost,all,buffer,10.452261691813414,272,buffer,1,10.384571205382223,-0.06769048643119113
regression,descriptor24_buffer_regressor_xgboost,descriptor24,XGBoost,all,polymer+additive,5.407065515264408,272,polymer;additive,2,10.384571205382223,4.977505690117814
regression,descriptor24_buffer_regressor_xgboost,descriptor24,XGBoost,all,polymer+salt,6.241723789473578,272,polymer;salt,2,10.384571205382223,4.142847415908644
regression,descriptor24_buffer_regressor_xgboost,descriptor24,XGBoost,all,polymer+buffer,5.6141272327678635,272,polymer;buffer,2,10.384571205382223,4.770443972614359
regression,descriptor24_buffer_regressor_xgboost,descriptor24,XGBoost,all,additive+salt,6.982048063027101,272,additive;salt,2,10.384571205382223,3.402523142355122
regression,descriptor24_buffer_regressor_xgboost,descriptor24,XGBoost,all,additive+buffer,9.381739566092872,272,additive;buffer,2,10.384571205382223,1.0028316392893508
regression,descriptor24_buffer_regressor_xgboost,descriptor24,XGBoost,all,salt+buffer,8.14050016332615,272,salt;buffer,2,10.384571205382223,2.2440710420560723
regression,descriptor24_buffer_regressor_xgboost,descriptor24,XGBoost,all,polymer+additive+salt,4.680640028825941,272,polymer;additive;salt,3,10.384571205382223,5.7039311765562815
regression,descriptor24_buffer_regressor_xgboost,descriptor24,XGBoost,all,polymer+additive+buffer,4.267201254553541,272,polymer;additive;buffer,3,10.384571205382223,6.117369950828682
regression,descriptor24_buffer_regressor_xgboost,descriptor24,XGBoost,all,polymer+salt+buffer,5.1682944447261265,272,polymer;salt;buffer,3,10.384571205382223,5.216276760656096
regression,descriptor24_buffer_regressor_xgboost,descriptor24,XGBoost,all,additive+salt+buffer,6.765690925891504,272,additive;salt;buffer,3,10.384571205382223,3.6188802794907184
regression,descriptor24_buffer_regressor_xgboost,descriptor24,XGBoost,all,polymer+additive+salt+buffer,3.556210719645433,272,polymer;additive;salt;buffer,4,10.384571205382223,6.828360485736789
regression,descriptor24_buffer_regressor_mlp,descriptor24,MLP,all,empty,10.384571205382223,272,,0,10.384571205382223,0.0
regression,descriptor24_buffer_regressor_mlp,descriptor24,MLP,all,polymer,6.625856048736693,272,polymer,1,10.384571205382223,3.75871515664553
regression,descriptor24_buffer_regressor_mlp,descriptor24,MLP,all,additive,9.814497572396867,272,additive,1,10.384571205382223,0.5700736329853555
regression,descriptor24_buffer_regressor_mlp,descriptor24,MLP,all,salt,8.559862292931102,272,salt,1,10.384571205382223,1.8247089124511202
regression,descriptor24_buffer_regressor_mlp,descriptor24,MLP,all,buffer,10.286800211877706,272,buffer,1,10.384571205382223,0.09777099350451657
regression,descriptor24_buffer_regressor_mlp,descriptor24,MLP,all,polymer+additive,6.280124347398694,272,polymer;additive,2,10.384571205382223,4.104446857983529
regression,descriptor24_buffer_regressor_mlp,descriptor24,MLP,all,polymer+salt,6.385982287085215,272,polymer;salt,2,10.384571205382223,3.998588918297007
regression,descriptor24_buffer_regressor_mlp,descriptor24,MLP,all,polymer+buffer,6.703262721401338,272,polymer;buffer,2,10.384571205382223,3.6813084839808843
regression,descriptor24_buffer_regressor_mlp,descriptor24,MLP,all,additive+salt,7.67125043971415,272,additive;salt,2,10.384571205382223,2.7133207656680725
regression,descriptor24_buffer_regressor_mlp,descriptor24,MLP,all,additive+buffer,9.462773290837196,272,additive;buffer,2,10.384571205382223,0.9217979145450261
regression,descriptor24_buffer_regressor_mlp,descriptor24,MLP,all,salt+buffer,8.36937108412373,272,salt;buffer,2,10.384571205382223,2.015200121258493
regression,descriptor24_buffer_regressor_mlp,descriptor24,MLP,all,polymer+additive+salt,5.2659185990266,272,polymer;additive;salt,3,10.384571205382223,5.118652606355623
regression,descriptor24_buffer_regressor_mlp,descriptor24,MLP,all,polymer+additive+buffer,6.162115573536252,272,polymer;additive;buffer,3,10.384571205382223,4.22245563184597
regression,descriptor24_buffer_regressor_mlp,descriptor24,MLP,all,polymer+salt+buffer,6.195455881704085,272,polymer;salt;buffer,3,10.384571205382223,4.189115323678138
regression,descriptor24_buffer_regressor_mlp,descriptor24,MLP,all,additive+salt+buffer,7.4259168677889305,272,additive;salt;buffer,3,10.384571205382223,2.958654337593292
regression,descriptor24_buffer_regressor_mlp,descriptor24,MLP,all,polymer+additive+salt+buffer,5.1256770114507,272,polymer;additive;salt;buffer,4,10.384571205382223,5.258894193931522
regression,two_slot_pca38_buffer_regressor_xgboost,two_slot38,XGBoost,all,empty,10.384571205382223,272,,0,10.384571205382223,0.0
regression,two_slot_pca38_buffer_regressor_xgboost,two_slot38,XGBoost,all,polymer,6.654210497295667,272,polymer,1,10.384571205382223,3.7303607080865557
regression,two_slot_pca38_buffer_regressor_xgboost,two_slot38,XGBoost,all,additive,9.67160180911447,272,additive,1,10.384571205382223,0.7129693962677521
regression,two_slot_pca38_buffer_regressor_xgboost,two_slot38,XGBoost,all,salt,8.347810714179479,272,salt,1,10.384571205382223,2.0367604912027435
regression,two_slot_pca38_buffer_regressor_xgboost,two_slot38,XGBoost,all,buffer,10.452261691813414,272,buffer,1,10.384571205382223,-0.06769048643119113
regression,two_slot_pca38_buffer_regressor_xgboost,two_slot38,XGBoost,all,polymer+additive,5.401247451933156,272,polymer;additive,2,10.384571205382223,4.983323753449066
regression,two_slot_pca38_buffer_regressor_xgboost,two_slot38,XGBoost,all,polymer+salt,6.278071310292476,272,polymer;salt,2,10.384571205382223,4.106499895089747
regression,two_slot_pca38_buffer_regressor_xgboost,two_slot38,XGBoost,all,polymer+buffer,5.6141272327678635,272,polymer;buffer,2,10.384571205382223,4.770443972614359
regression,two_slot_pca38_buffer_regressor_xgboost,two_slot38,XGBoost,all,additive+salt,6.930947203164401,272,additive;salt,2,10.384571205382223,3.453624002217822
regression,two_slot_pca38_buffer_regressor_xgboost,two_slot38,XGBoost,all,additive+buffer,9.391288426530602,272,additive;buffer,2,10.384571205382223,0.9932827788516203
regression,two_slot_pca38_buffer_regressor_xgboost,two_slot38,XGBoost,all,salt+buffer,8.121123482268317,272,salt;buffer,2,10.384571205382223,2.263447723113906
regression,two_slot_pca38_buffer_regressor_xgboost,two_slot38,XGBoost,all,polymer+additive+salt,4.652150846689552,272,polymer;additive;salt,3,10.384571205382223,5.7324203586926705
regression,two_slot_pca38_buffer_regressor_xgboost,two_slot38,XGBoost,all,polymer+additive+buffer,4.2814844153046705,272,polymer;additive;buffer,3,10.384571205382223,6.103086790077552
regression,two_slot_pca38_buffer_regressor_xgboost,two_slot38,XGBoost,all,polymer+salt+buffer,5.21208675880499,272,polymer;salt;buffer,3,10.384571205382223,5.172484446577233
regression,two_slot_pca38_buffer_regressor_xgboost,two_slot38,XGBoost,all,additive+salt+buffer,6.73051286309906,272,additive;salt;buffer,3,10.384571205382223,3.6540583422831627
regression,two_slot_pca38_buffer_regressor_xgboost,two_slot38,XGBoost,all,polymer+additive+salt+buffer,3.5240911135693023,272,polymer;additive;salt;buffer,4,10.384571205382223,6.860480091812921
regression,two_slot_pca38_buffer_regressor_mlp,two_slot38,MLP,all,empty,10.384571205382223,272,,0,10.384571205382223,0.0
regression,two_slot_pca38_buffer_regressor_mlp,two_slot38,MLP,all,polymer,6.625856048736693,272,polymer,1,10.384571205382223,3.75871515664553
regression,two_slot_pca38_buffer_regressor_mlp,two_slot38,MLP,all,additive,9.858274596909066,272,additive,1,10.384571205382223,0.5262966084731566
regression,two_slot_pca38_buffer_regressor_mlp,two_slot38,MLP,all,salt,8.180082531943006,272,salt,1,10.384571205382223,2.204488673439217
regression,two_slot_pca38_buffer_regressor_mlp,two_slot38,MLP,all,buffer,10.286800211877706,272,buffer,1,10.384571205382223,0.09777099350451657
regression,two_slot_pca38_buffer_regressor_mlp,two_slot38,MLP,all,polymer+additive,6.415364853870231,272,polymer;additive,2,10.384571205382223,3.9692063515119917
regression,two_slot_pca38_buffer_regressor_mlp,two_slot38,MLP,all,polymer+salt,6.605237985440557,272,polymer;salt,2,10.384571205382223,3.779333219941665
regression,two_slot_pca38_buffer_regressor_mlp,two_slot38,MLP,all,polymer+buffer,6.703262721401338,272,polymer;buffer,2,10.384571205382223,3.6813084839808843
regression,two_slot_pca38_buffer_regressor_mlp,two_slot38,MLP,all,additive+salt,7.465152922841702,272,additive;salt,2,10.384571205382223,2.91941828254052
regression,two_slot_pca38_buffer_regressor_mlp,two_slot38,MLP,all,additive+buffer,9.559204697267976,272,additive;buffer,2,10.384571205382223,0.8253665081142465
regression,two_slot_pca38_buffer_regressor_mlp,two_slot38,MLP,all,salt+buffer,8.06238523452159,272,salt;buffer,2,10.384571205382223,2.322185970860632
regression,two_slot_pca38_buffer_regressor_mlp,two_slot38,MLP,all,polymer+additive+salt,5.421659358521061,272,polymer;additive;salt,3,10.384571205382223,4.962911846861162
regression,two_slot_pca38_buffer_regressor_mlp,two_slot38,MLP,all,polymer+additive+buffer,6.37706392723947,272,polymer;additive;buffer,3,10.384571205382223,4.007507278142753
regression,two_slot_pca38_buffer_regressor_mlp,two_slot38,MLP,all,polymer+salt+buffer,7.001292097483647,272,polymer;salt;buffer,3,10.384571205382223,3.3832791078985753
regression,two_slot_pca38_buffer_regressor_mlp,two_slot38,MLP,all,additive+salt+buffer,7.2456142157814085,272,additive;salt;buffer,3,10.384571205382223,3.138956989600814
regression,two_slot_pca38_buffer_regressor_mlp,two_slot38,MLP,all,polymer+additive+salt+buffer,5.150600358381791,272,polymer;additive;salt;buffer,4,10.384571205382223,5.233970847000432
classification,descriptor24_buffer_classifier_xgboost,descriptor24,XGBoost,all,empty,0.8247963506249546,403,,0,0.8247963506249546,0.0
classification,descriptor24_buffer_classifier_xgboost,descriptor24,XGBoost,all,polymer,0.6782287201735514,403,polymer,1,0.8247963506249546,0.1465676304514032
classification,descriptor24_buffer_classifier_xgboost,descriptor24,XGBoost,all,additive,0.5262898798122596,403,additive,1,0.8247963506249546,0.298506470812695
classification,descriptor24_buffer_classifier_xgboost,descriptor24,XGBoost,all,salt,0.7983436038660454,403,salt,1,0.8247963506249546,0.026452746758909185
classification,descriptor24_buffer_classifier_xgboost,descriptor24,XGBoost,all,buffer,0.8208750642351718,403,buffer,1,0.8247963506249546,0.003921286389782841
classification,descriptor24_buffer_classifier_xgboost,descriptor24,XGBoost,all,polymer+additive,0.3603766819445048,403,polymer;additive,2,0.8247963506249546,0.4644196686804498
classification,descriptor24_buffer_classifier_xgboost,descriptor24,XGBoost,all,polymer+salt,0.6837938005586417,403,polymer;salt,2,0.8247963506249546,0.1410025500663129
classification,descriptor24_buffer_classifier_xgboost,descriptor24,XGBoost,all,polymer+buffer,0.6545654476594375,403,polymer;buffer,2,0.8247963506249546,0.17023090296551713
classification,descriptor24_buffer_classifier_xgboost,descriptor24,XGBoost,all,additive+salt,0.47231684364707277,403,additive;salt,2,0.8247963506249546,0.35247950697788183
classification,descriptor24_buffer_classifier_xgboost,descriptor24,XGBoost,all,additive+buffer,0.5249459443943114,403,additive;buffer,2,0.8247963506249546,0.2998504062306432
classification,descriptor24_buffer_classifier_xgboost,descriptor24,XGBoost,all,salt+buffer,0.7923963553679529,403,salt;buffer,2,0.8247963506249546,0.03239999525700166
classification,descriptor24_buffer_classifier_xgboost,descriptor24,XGBoost,all,polymer+additive+salt,0.3126423785828688,403,polymer;additive;salt,3,0.8247963506249546,0.5121539720420858
classification,descriptor24_buffer_classifier_xgboost,descriptor24,XGBoost,all,polymer+additive+buffer,0.3084745600104627,403,polymer;additive;buffer,3,0.8247963506249546,0.5163217906144919
classification,descriptor24_buffer_classifier_xgboost,descriptor24,XGBoost,all,polymer+salt+buffer,0.6679679829639478,403,polymer;salt;buffer,3,0.8247963506249546,0.15682836766100683
classification,descriptor24_buffer_classifier_xgboost,descriptor24,XGBoost,all,additive+salt+buffer,0.4702076436723264,403,additive;salt;buffer,3,0.8247963506249546,0.3545887069526282
classification,descriptor24_buffer_classifier_xgboost,descriptor24,XGBoost,all,polymer+additive+salt+buffer,0.2790886407941305,403,polymer;additive;salt;buffer,4,0.8247963506249546,0.5457077098308241
classification,descriptor24_buffer_classifier_xgboost,descriptor24,XGBoost,dexma_only,empty,0.7290248401292864,355,,0,0.7290248401292864,0.0
classification,descriptor24_buffer_classifier_xgboost,descriptor24,XGBoost,dexma_only,polymer,0.6568830005563588,355,polymer,1,0.7290248401292864,0.07214183957292752
classification,descriptor24_buffer_classifier_xgboost,descriptor24,XGBoost,dexma_only,additive,0.4653523310625095,355,additive,1,0.7290248401292864,0.26367250906677686
classification,descriptor24_buffer_classifier_xgboost,descriptor24,XGBoost,dexma_only,salt,0.706209081826815,355,salt,1,0.7290248401292864,0.0228157583024714
classification,descriptor24_buffer_classifier_xgboost,descriptor24,XGBoost,dexma_only,buffer,0.7266899960343688,355,buffer,1,0.7290248401292864,0.0023348440949175764
classification,descriptor24_buffer_classifier_xgboost,descriptor24,XGBoost,dexma_only,polymer+additive,0.3072231183504909,355,polymer;additive,2,0.7290248401292864,0.4218017217787955
classification,descriptor24_buffer_classifier_xgboost,descriptor24,XGBoost,dexma_only,polymer+salt,0.6494268206728959,355,polymer;salt,2,0.7290248401292864,0.07959801945639045
classification,descriptor24_buffer_classifier_xgboost,descriptor24,XGBoost,dexma_only,polymer+buffer,0.6552981416187185,355,polymer;buffer,2,0.7290248401292864,0.0737266985105679
classification,descriptor24_buffer_classifier_xgboost,descriptor24,XGBoost,dexma_only,additive+salt,0.3817086436670446,355,additive;salt,2,0.7290248401292864,0.34731619646224177
classification,descriptor24_buffer_classifier_xgboost,descriptor24,XGBoost,dexma_only,additive+buffer,0.4653379267004847,355,additive;buffer,2,0.7290248401292864,0.2636869134288017
classification,descriptor24_buffer_classifier_xgboost,descriptor24,XGBoost,dexma_only,salt+buffer,0.6965518481424222,355,salt;buffer,2,0.7290248401292864,0.03247299198686415
classification,descriptor24_buffer_classifier_xgboost,descriptor24,XGBoost,dexma_only,polymer+additive+salt,0.27116224999189337,355,polymer;additive;salt,3,0.7290248401292864,0.457862590137393
classification,descriptor24_buffer_classifier_xgboost,descriptor24,XGBoost,dexma_only,polymer+additive+buffer,0.29285237108218487,355,polymer;additive;buffer,3,0.7290248401292864,0.4361724690471015
classification,descriptor24_buffer_classifier_xgboost,descriptor24,XGBoost,dexma_only,polymer+salt+buffer,0.6426751907178472,355,polymer;salt;buffer,3,0.7290248401292864,0.08634964941143919
classification,descriptor24_buffer_classifier_xgboost,descriptor24,XGBoost,dexma_only,additive+salt+buffer,0.3839855579445406,355,additive;salt;buffer,3,0.7290248401292864,0.3450392821847458
classification,descriptor24_buffer_classifier_xgboost,descriptor24,XGBoost,dexma_only,polymer+additive+salt+buffer,0.2613275149908808,355,polymer;additive;salt;buffer,4,0.7290248401292864,0.46769732513840556
classification,descriptor24_buffer_classifier_mlp,descriptor24,MLP,all,empty,0.8247963506249546,403,,0,0.8247963506249546,0.0
classification,descriptor24_buffer_classifier_mlp,descriptor24,MLP,all,polymer,0.7039162202093002,403,polymer,1,0.8247963506249546,0.12088013041565437
classification,descriptor24_buffer_classifier_mlp,descriptor24,MLP,all,additive,0.5629861896176144,403,additive,1,0.8247963506249546,0.2618101610073402
classification,descriptor24_buffer_classifier_mlp,descriptor24,MLP,all,salt,0.7720265272018395,403,salt,1,0.8247963506249546,0.05276982342311509
classification,descriptor24_buffer_classifier_mlp,descriptor24,MLP,all,buffer,0.8228737036054848,403,buffer,1,0.8247963506249546,0.0019226470194697587
classification,descriptor24_buffer_classifier_mlp,descriptor24,MLP,all,polymer+additive,0.43077106863991554,403,polymer;additive,2,0.8247963506249546,0.39402528198503906
classification,descriptor24_buffer_classifier_mlp,descriptor24,MLP,all,polymer+salt,0.6906390969751854,403,polymer;salt,2,0.8247963506249546,0.13415725364976916
classification,descriptor24_buffer_classifier_mlp,descriptor24,MLP,all,polymer+buffer,0.6811441002943968,403,polymer;buffer,2,0.8247963506249546,0.14365225033055784
classification,descriptor24_buffer_classifier_mlp,descriptor24,MLP,all,additive+salt,0.48488632844015866,403,additive;salt,2,0.8247963506249546,0.33991002218479593
classification,descriptor24_buffer_classifier_mlp,descriptor24,MLP,all,additive+buffer,0.5590506219960822,403,additive;buffer,2,0.8247963506249546,0.26574572862887236
classification,descriptor24_buffer_classifier_mlp,descriptor24,MLP,all,salt+buffer,0.7645292052361288,403,salt;buffer,2,0.8247963506249546,0.06026714538882583
classification,descriptor24_buffer_classifier_mlp,descriptor24,MLP,all,polymer+additive+salt,0.34961797513813986,403,polymer;additive;salt,3,0.8247963506249546,0.47517837548681474
classification,descriptor24_buffer_classifier_mlp,descriptor24,MLP,all,polymer+additive+buffer,0.40545953654106914,403,polymer;additive;buffer,3,0.8247963506249546,0.41933681408388546
classification,descriptor24_buffer_classifier_mlp,descriptor24,MLP,all,polymer+salt+buffer,0.6645124091815804,403,polymer;salt;buffer,3,0.8247963506249546,0.1602839414433742
classification,descriptor24_buffer_classifier_mlp,descriptor24,MLP,all,additive+salt+buffer,0.47642504449118106,403,additive;salt;buffer,3,0.8247963506249546,0.34837130613377354
classification,descriptor24_buffer_classifier_mlp,descriptor24,MLP,all,polymer+additive+salt+buffer,0.3286062775211006,403,polymer;additive;salt;buffer,4,0.8247963506249546,0.496190073103854
classification,descriptor24_buffer_classifier_mlp,descriptor24,MLP,dexma_only,empty,0.7290248401292864,355,,0,0.7290248401292864,0.0
classification,descriptor24_buffer_classifier_mlp,descriptor24,MLP,dexma_only,polymer,0.680617140432335,355,polymer,1,0.7290248401292864,0.048407699696951356
classification,descriptor24_buffer_classifier_mlp,descriptor24,MLP,dexma_only,additive,0.5058988701924036,355,additive,1,0.7290248401292864,0.22312596993688272
classification,descriptor24_buffer_classifier_mlp,descriptor24,MLP,dexma_only,salt,0.6922066539470538,355,salt,1,0.7290248401292864,0.03681818618223254
classification,descriptor24_buffer_classifier_mlp,descriptor24,MLP,dexma_only,buffer,0.7300737214205252,355,buffer,1,0.7290248401292864,-0.0010488812912388124
classification,descriptor24_buffer_classifier_mlp,descriptor24,MLP,dexma_only,polymer+additive,0.40183988154887307,355,polymer;additive,2,0.7290248401292864,0.3271849585804133
classification,descriptor24_buffer_classifier_mlp,descriptor24,MLP,dexma_only,polymer+salt,0.6649513884989244,355,polymer;salt,2,0.7290248401292864,0.06407345163036193
classification,descriptor24_buffer_classifier_mlp,descriptor24,MLP,dexma_only,polymer+buffer,0.6687223497340369,355,polymer;buffer,2,0.7290248401292864,0.060302490395249486
classification,descriptor24_buffer_classifier_mlp,descriptor24,MLP,dexma_only,additive+salt,0.40555285433760946,355,additive;salt,2,0.7290248401292864,0.3234719857916769
classification,descriptor24_buffer_classifier_mlp,descriptor24,MLP,dexma_only,additive+buffer,0.5049788352874107,355,additive;buffer,2,0.7290248401292864,0.22404600484187565
classification,descriptor24_buffer_classifier_mlp,descriptor24,MLP,dexma_only,salt+buffer,0.6795848469352956,355,salt;buffer,2,0.7290248401292864,0.04943999319399073
classification,descriptor24_buffer_classifier_mlp,descriptor24,MLP,dexma_only,polymer+additive+salt,0.31053357613170707,355,polymer;additive;salt,3,0.7290248401292864,0.4184912639975793
classification,descriptor24_buffer_classifier_mlp,descriptor24,MLP,dexma_only,polymer+additive+buffer,0.39456690797378974,355,polymer;additive;buffer,3,0.7290248401292864,0.33445793215549663
classification,descriptor24_buffer_classifier_mlp,descriptor24,MLP,dexma_only,polymer+salt+buffer,0.6487821132982184,355,polymer;salt;buffer,3,0.7290248401292864,0.08024272683106792
classification,descriptor24_buffer_classifier_mlp,descriptor24,MLP,dexma_only,additive+salt+buffer,0.4004383573205611,355,additive;salt;buffer,3,0.7290248401292864,0.32858648280872527
classification,descriptor24_buffer_classifier_mlp,descriptor24,MLP,dexma_only,polymer+additive+salt+buffer,0.30451510001053456,355,polymer;additive;salt;buffer,4,0.7290248401292864,0.4245097401187518
classification,two_slot_pca38_buffer_classifier_xgboost,two_slot38,XGBoost,all,empty,0.8247963506249546,403,,0,0.8247963506249546,0.0
classification,two_slot_pca38_buffer_classifier_xgboost,two_slot38,XGBoost,all,polymer,0.6782287201735514,403,polymer,1,0.8247963506249546,0.1465676304514032
classification,two_slot_pca38_buffer_classifier_xgboost,two_slot38,XGBoost,all,additive,0.5245126706046718,403,additive,1,0.8247963506249546,0.30028368002028283
classification,two_slot_pca38_buffer_classifier_xgboost,two_slot38,XGBoost,all,salt,0.7878654723481507,403,salt,1,0.8247963506249546,0.03693087827680386
classification,two_slot_pca38_buffer_classifier_xgboost,two_slot38,XGBoost,all,buffer,0.8208750642351718,403,buffer,1,0.8247963506249546,0.003921286389782841
classification,two_slot_pca38_buffer_classifier_xgboost,two_slot38,XGBoost,all,polymer+additive,0.36264655920047445,403,polymer;additive,2,0.8247963506249546,0.46214979142448015
classification,two_slot_pca38_buffer_classifier_xgboost,two_slot38,XGBoost,all,polymer+salt,0.6769263694163787,403,polymer;salt,2,0.8247963506249546,0.14786998120857586
classification,two_slot_pca38_buffer_classifier_xgboost,two_slot38,XGBoost,all,polymer+buffer,0.6545654476594375,403,polymer;buffer,2,0.8247963506249546,0.17023090296551713
classification,two_slot_pca38_buffer_classifier_xgboost,two_slot38,XGBoost,all,additive+salt,0.45677758331165647,403,additive;salt,2,0.8247963506249546,0.36801876731329813
classification,two_slot_pca38_buffer_classifier_xgboost,two_slot38,XGBoost,all,additive+buffer,0.5235243331125391,403,additive;buffer,2,0.8247963506249546,0.3012720175124155
classification,two_slot_pca38_buffer_classifier_xgboost,two_slot38,XGBoost,all,salt+buffer,0.7826480975529169,403,salt;buffer,2,0.8247963506249546,0.042148253072037734
classification,two_slot_pca38_buffer_classifier_xgboost,two_slot38,XGBoost,all,polymer+additive+salt,0.31051007041506495,403,polymer;additive;salt,3,0.8247963506249546,0.5142862802098896
classification,two_slot_pca38_buffer_classifier_xgboost,two_slot38,XGBoost,all,polymer+additive+buffer,0.31163863060020386,403,polymer;additive;buffer,3,0.8247963506249546,0.5131577200247508
classification,two_slot_pca38_buffer_classifier_xgboost,two_slot38,XGBoost,all,polymer+salt+buffer,0.6619117227608949,403,polymer;salt;buffer,3,0.8247963506249546,0.16288462786405966
classification,two_slot_pca38_buffer_classifier_xgboost,two_slot38,XGBoost,all,additive+salt+buffer,0.45380868518535233,403,additive;salt;buffer,3,0.8247963506249546,0.37098766543960227
classification,two_slot_pca38_buffer_classifier_xgboost,two_slot38,XGBoost,all,polymer+additive+salt+buffer,0.27397249745645197,403,polymer;additive;salt;buffer,4,0.8247963506249546,0.5508238531685026
classification,two_slot_pca38_buffer_classifier_xgboost,two_slot38,XGBoost,dexma_only,empty,0.7290248401292864,355,,0,0.7290248401292864,0.0
classification,two_slot_pca38_buffer_classifier_xgboost,two_slot38,XGBoost,dexma_only,polymer,0.6568830005563588,355,polymer,1,0.7290248401292864,0.07214183957292752
classification,two_slot_pca38_buffer_classifier_xgboost,two_slot38,XGBoost,dexma_only,additive,0.4631493298022867,355,additive,1,0.7290248401292864,0.2658755103269997
classification,two_slot_pca38_buffer_classifier_xgboost,two_slot38,XGBoost,dexma_only,salt,0.7011993965684138,355,salt,1,0.7290248401292864,0.027825443560872576
classification,two_slot_pca38_buffer_classifier_xgboost,two_slot38,XGBoost,dexma_only,buffer,0.7266899960343688,355,buffer,1,0.7290248401292864,0.0023348440949175764
classification,two_slot_pca38_buffer_classifier_xgboost,two_slot38,XGBoost,dexma_only,polymer+additive,0.30983047094856947,355,polymer;additive,2,0.7290248401292864,0.4191943691807169
classification,two_slot_pca38_buffer_classifier_xgboost,two_slot38,XGBoost,dexma_only,polymer+salt,0.6420648025022453,355,polymer;salt,2,0.7290248401292864,0.08696003762704108
classification,two_slot_pca38_buffer_classifier_xgboost,two_slot38,XGBoost,dexma_only,polymer+buffer,0.6552981416187185,355,polymer;buffer,2,0.7290248401292864,0.0737266985105679
classification,two_slot_pca38_buffer_classifier_xgboost,two_slot38,XGBoost,dexma_only,additive+salt,0.3676313932159518,355,additive;salt,2,0.7290248401292864,0.3613934469133346
classification,two_slot_pca38_buffer_classifier_xgboost,two_slot38,XGBoost,dexma_only,additive+buffer,0.46348009323712513,355,additive;buffer,2,0.7290248401292864,0.26554474689216123
classification,two_slot_pca38_buffer_classifier_xgboost,two_slot38,XGBoost,dexma_only,salt+buffer,0.6928145528256527,355,salt;buffer,2,0.7290248401292864,0.036210287303633626
classification,two_slot_pca38_buffer_classifier_xgboost,two_slot38,XGBoost,dexma_only,polymer+additive+salt,0.2680542154780956,355,polymer;additive;salt,3,0.7290248401292864,0.46097062465119076
classification,two_slot_pca38_buffer_classifier_xgboost,two_slot38,XGBoost,dexma_only,polymer+additive+buffer,0.2954617442180778,355,polymer;additive;buffer,3,0.7290248401292864,0.43356309591120856
classification,two_slot_pca38_buffer_classifier_xgboost,two_slot38,XGBoost,dexma_only,polymer+salt+buffer,0.6368521642289762,355,polymer;salt;buffer,3,0.7290248401292864,0.0921726759003102
classification,two_slot_pca38_buffer_classifier_xgboost,two_slot38,XGBoost,dexma_only,additive+salt+buffer,0.3695624545256749,355,additive;salt;buffer,3,0.7290248401292864,0.3594623856036115
classification,two_slot_pca38_buffer_classifier_xgboost,two_slot38,XGBoost,dexma_only,polymer+additive+salt+buffer,0.2573991269266556,355,polymer;additive;salt;buffer,4,0.7290248401292864,0.47162571320263075
classification,two_slot_pca38_buffer_classifier_mlp,two_slot38,MLP,all,empty,0.8247963506249546,403,,0,0.8247963506249546,0.0
classification,two_slot_pca38_buffer_classifier_mlp,two_slot38,MLP,all,polymer,0.7039162202093002,403,polymer,1,0.8247963506249546,0.12088013041565437
classification,two_slot_pca38_buffer_classifier_mlp,two_slot38,MLP,all,additive,0.5655153819565025,403,additive,1,0.8247963506249546,0.25928096866845207
classification,two_slot_pca38_buffer_classifier_mlp,two_slot38,MLP,all,salt,0.7772374039870692,403,salt,1,0.8247963506249546,0.0475589466378854
classification,two_slot_pca38_buffer_classifier_mlp,two_slot38,MLP,all,buffer,0.8228737036054848,403,buffer,1,0.8247963506249546,0.0019226470194697587
classification,two_slot_pca38_buffer_classifier_mlp,two_slot38,MLP,all,polymer+additive,0.43400407700190985,403,polymer;additive,2,0.8247963506249546,0.39079227362304475
classification,two_slot_pca38_buffer_classifier_mlp,two_slot38,MLP,all,polymer+salt,0.6943347492953454,403,polymer;salt,2,0.8247963506249546,0.13046160132960916
classification,two_slot_pca38_buffer_classifier_mlp,two_slot38,MLP,all,polymer+buffer,0.6811441002943968,403,polymer;buffer,2,0.8247963506249546,0.14365225033055784
classification,two_slot_pca38_buffer_classifier_mlp,two_slot38,MLP,all,additive+salt,0.5017764310929962,403,additive;salt,2,0.8247963506249546,0.3230199195319584
classification,two_slot_pca38_buffer_classifier_mlp,two_slot38,MLP,all,additive+buffer,0.5580390058986189,403,additive;buffer,2,0.8247963506249546,0.2667573447263357
classification,two_slot_pca38_buffer_classifier_mlp,two_slot38,MLP,all,salt+buffer,0.773971774859153,403,salt;buffer,2,0.8247963506249546,0.05082457576580157
classification,two_slot_pca38_buffer_classifier_mlp,two_slot38,MLP,all,polymer+additive+salt,0.36333756739775475,403,polymer;additive;salt,3,0.8247963506249546,0.46145878322719985
classification,two_slot_pca38_buffer_classifier_mlp,two_slot38,MLP,all,polymer+additive+buffer,0.4155537008506656,403,polymer;additive;buffer,3,0.8247963506249546,0.409242649774289
classification,two_slot_pca38_buffer_classifier_mlp,two_slot38,MLP,all,polymer+salt+buffer,0.6782550223172567,403,polymer;salt;buffer,3,0.8247963506249546,0.14654132830769795
classification,two_slot_pca38_buffer_classifier_mlp,two_slot38,MLP,all,additive+salt+buffer,0.5002965792241455,403,additive;salt;buffer,3,0.8247963506249546,0.3244997714008091
classification,two_slot_pca38_buffer_classifier_mlp,two_slot38,MLP,all,polymer+additive+salt+buffer,0.349967876198778,403,polymer;additive;salt;buffer,4,0.8247963506249546,0.4748284744261766
classification,two_slot_pca38_buffer_classifier_mlp,two_slot38,MLP,dexma_only,empty,0.7290248401292864,355,,0,0.7290248401292864,0.0
classification,two_slot_pca38_buffer_classifier_mlp,two_slot38,MLP,dexma_only,polymer,0.680617140432335,355,polymer,1,0.7290248401292864,0.048407699696951356
classification,two_slot_pca38_buffer_classifier_mlp,two_slot38,MLP,dexma_only,additive,0.5081463243783068,355,additive,1,0.7290248401292864,0.2208785157509796
classification,two_slot_pca38_buffer_classifier_mlp,two_slot38,MLP,dexma_only,salt,0.688810647535515,355,salt,1,0.7290248401292864,0.04021419259377135
classification,two_slot_pca38_buffer_classifier_mlp,two_slot38,MLP,dexma_only,buffer,0.7300737214205252,355,buffer,1,0.7290248401292864,-0.0010488812912388124
classification,two_slot_pca38_buffer_classifier_mlp,two_slot38,MLP,dexma_only,polymer+additive,0.40833411665490643,355,polymer;additive,2,0.7290248401292864,0.32069072347437994
classification,two_slot_pca38_buffer_classifier_mlp,two_slot38,MLP,dexma_only,polymer+salt,0.6651743247573721,355,polymer;salt,2,0.7290248401292864,0.06385051537191422
classification,two_slot_pca38_buffer_classifier_mlp,two_slot38,MLP,dexma_only,polymer+buffer,0.6687223497340369,355,polymer;buffer,2,0.7290248401292864,0.060302490395249486
classification,two_slot_pca38_buffer_classifier_mlp,two_slot38,MLP,dexma_only,additive+salt,0.4137601288602987,355,additive;salt,2,0.7290248401292864,0.31526471126898764
classification,two_slot_pca38_buffer_classifier_mlp,two_slot38,MLP,dexma_only,additive+buffer,0.5025323089072079,355,additive;buffer,2,0.7290248401292864,0.22649253122207846
classification,two_slot_pca38_buffer_classifier_mlp,two_slot38,MLP,dexma_only,salt+buffer,0.681510147174009,355,salt;buffer,2,0.7290248401292864,0.04751469295527733
classification,two_slot_pca38_buffer_classifier_mlp,two_slot38,MLP,dexma_only,polymer+additive+salt,0.3107550662649239,355,polymer;additive;salt,3,0.7290248401292864,0.4182697738643625
classification,two_slot_pca38_buffer_classifier_mlp,two_slot38,MLP,dexma_only,polymer+additive+buffer,0.40193780531677237,355,polymer;additive;buffer,3,0.7290248401292864,0.327087034812514
classification,two_slot_pca38_buffer_classifier_mlp,two_slot38,MLP,dexma_only,polymer+salt+buffer,0.6510952312302638,355,polymer;salt;buffer,3,0.7290248401292864,0.07792960889902256
classification,two_slot_pca38_buffer_classifier_mlp,two_slot38,MLP,dexma_only,additive+salt+buffer,0.4171416771936937,355,additive;salt;buffer,3,0.7290248401292864,0.31188316293559265
classification,two_slot_pca38_buffer_classifier_mlp,two_slot38,MLP,dexma_only,polymer+additive+salt+buffer,0.3117034353427527,355,polymer;additive;salt;buffer,4,0.7290248401292864,0.4173214047865337
