task,model_id,feature_set,model_family,scoring_population,group,logo_importance,ci95_low,ci95_high,loss_without_group,full_loss,n_conditions
regression,descriptor24_buffer_regressor_xgboost,descriptor24,XGBoost,all,polymer,3.2094802062460714,2.4658458775999295,3.9734433559393367,6.765690925891505,3.5562107196454336,272
regression,descriptor24_buffer_regressor_xgboost,descriptor24,XGBoost,all,additive,1.612083725080693,1.1568781273780857,2.103742362654471,5.1682944447261265,3.5562107196454336,272
regression,descriptor24_buffer_regressor_xgboost,descriptor24,XGBoost,all,salt,0.7109905349081075,0.397206058028838,1.0011146636791113,4.267201254553541,3.5562107196454336,272
regression,descriptor24_buffer_regressor_xgboost,descriptor24,XGBoost,all,buffer,1.1244293091805082,0.7541298162805677,1.5435934858492628,4.680640028825942,3.5562107196454336,272
regression,descriptor24_buffer_regressor_mlp,descriptor24,MLP,all,polymer,2.3002398563382296,1.7202444755118431,2.8993766797916765,7.425916867788931,5.1256770114506995,272
regression,descriptor24_buffer_regressor_mlp,descriptor24,MLP,all,additive,1.069778870253384,0.6361764430270284,1.539142228816386,6.195455881704085,5.1256770114506995,272
regression,descriptor24_buffer_regressor_mlp,descriptor24,MLP,all,salt,1.0364385620855519,0.5657384800092983,1.4899834113038133,6.162115573536252,5.1256770114506995,272
regression,descriptor24_buffer_regressor_mlp,descriptor24,MLP,all,buffer,0.1402415875758998,-0.15845237778572124,0.4477092025168364,5.2659185990266,5.1256770114506995,272
regression,two_slot_pca38_buffer_regressor_xgboost,two_slot38,XGBoost,all,polymer,3.2064217495297576,2.4635756574264267,3.977228844012892,6.73051286309906,3.5240911135693023,272
regression,two_slot_pca38_buffer_regressor_xgboost,two_slot38,XGBoost,all,additive,1.6879956452356868,1.2274514857523162,2.17160576904605,5.212086758804989,3.5240911135693023,272
regression,two_slot_pca38_buffer_regressor_xgboost,two_slot38,XGBoost,all,salt,0.7573933017353683,0.47395689600153196,1.0288401609060827,4.281484415304671,3.5240911135693023,272
regression,two_slot_pca38_buffer_regressor_xgboost,two_slot38,XGBoost,all,buffer,1.12805973312025,0.7462982941511699,1.5638436257650286,4.652150846689552,3.5240911135693023,272
regression,two_slot_pca38_buffer_regressor_mlp,two_slot38,MLP,all,polymer,2.0950138573996178,1.6097859777465642,2.6032442583358564,7.2456142157814085,5.150600358381791,272
regression,two_slot_pca38_buffer_regressor_mlp,two_slot38,MLP,all,additive,1.850691739101856,1.3530983721192649,2.356320416358216,7.001292097483647,5.150600358381791,272
regression,two_slot_pca38_buffer_regressor_mlp,two_slot38,MLP,all,salt,1.2264635688576788,0.6733442974564374,1.7496381974267716,6.37706392723947,5.150600358381791,272
regression,two_slot_pca38_buffer_regressor_mlp,two_slot38,MLP,all,buffer,0.27105900013926926,-0.0180148712883638,0.5682909733811414,5.42165935852106,5.150600358381791,272
classification,descriptor24_buffer_classifier_xgboost,descriptor24,XGBoost,all,polymer,0.19111900287819594,0.13527148204631625,0.24740936861248736,0.4702076436723264,0.2790886407941305,403
classification,descriptor24_buffer_classifier_xgboost,descriptor24,XGBoost,all,additive,0.38887934216981734,0.3207008511173263,0.4574385959976782,0.6679679829639478,0.2790886407941305,403
classification,descriptor24_buffer_classifier_xgboost,descriptor24,XGBoost,all,salt,0.02938591921633222,0.0005235769879009459,0.06002757204132847,0.3084745600104627,0.2790886407941305,403
classification,descriptor24_buffer_classifier_xgboost,descriptor24,XGBoost,all,buffer,0.033553737788738346,0.015676049208165104,0.05534143053554856,0.3126423785828688,0.2790886407941305,403
classification,descriptor24_buffer_classifier_xgboost,descriptor24,XGBoost,dexma_only,polymer,0.12265804295365976,0.06988840510837868,0.1724104697442903,0.3839855579445406,0.2613275149908808,355
classification,descriptor24_buffer_classifier_xgboost,descriptor24,XGBoost,dexma_only,additive,0.3813476757269663,0.31217882673679315,0.45351870724106996,0.6426751907178472,0.2613275149908808,355
classification,descriptor24_buffer_classifier_xgboost,descriptor24,XGBoost,dexma_only,salt,0.031524856091304086,0.005923327433328429,0.056410980395565906,0.2928523710821848,0.2613275149908808,355
classification,descriptor24_buffer_classifier_xgboost,descriptor24,XGBoost,dexma_only,buffer,0.009834735001012585,-0.0023114109788777495,0.02340993495693463,0.27116224999189337,0.2613275149908808,355
classification,descriptor24_buffer_classifier_mlp,descriptor24,MLP,all,polymer,0.14781876697008045,0.10227502721511914,0.194815056699664,0.47642504449118106,0.3286062775211006,403
classification,descriptor24_buffer_classifier_mlp,descriptor24,MLP,all,additive,0.33590613166047983,0.2847131671944243,0.3836304170763609,0.6645124091815804,0.3286062775211006,403
classification,descriptor24_buffer_classifier_mlp,descriptor24,MLP,all,salt,0.07685325901996853,0.03653802838561762,0.1194951878755853,0.40545953654106914,0.3286062775211006,403
classification,descriptor24_buffer_classifier_mlp,descriptor24,MLP,all,buffer,0.02101169761703926,0.006853711697246742,0.03620533288111473,0.34961797513813986,0.3286062775211006,403
classification,descriptor24_buffer_classifier_mlp,descriptor24,MLP,dexma_only,polymer,0.0959232573100265,0.05770502169284964,0.13546188764402775,0.4004383573205611,0.30451510001053456,355
classification,descriptor24_buffer_classifier_mlp,descriptor24,MLP,dexma_only,additive,0.34426701328768383,0.2923380441584695,0.4014882416754984,0.6487821132982183,0.30451510001053456,355
classification,descriptor24_buffer_classifier_mlp,descriptor24,MLP,dexma_only,salt,0.09005180796325514,0.04895141316123924,0.13572531329964704,0.39456690797378974,0.30451510001053456,355
classification,descriptor24_buffer_classifier_mlp,descriptor24,MLP,dexma_only,buffer,0.0060184761211725,-0.008262953099923155,0.019964736117845806,0.31053357613170707,0.30451510001053456,355
classification,two_slot_pca38_buffer_classifier_xgboost,two_slot38,XGBoost,all,polymer,0.17983618772890037,0.12380948738234539,0.2365365804598112,0.45380868518535233,0.27397249745645197,403
classification,two_slot_pca38_buffer_classifier_xgboost,two_slot38,XGBoost,all,additive,0.387939225304443,0.32162926403777686,0.45410298410403277,0.6619117227608949,0.27397249745645197,403
classification,two_slot_pca38_buffer_classifier_xgboost,two_slot38,XGBoost,all,salt,0.03766613314375188,0.005795707667853957,0.06867219241319064,0.3116386306002039,0.27397249745645197,403
classification,two_slot_pca38_buffer_classifier_xgboost,two_slot38,XGBoost,all,buffer,0.03653757295861298,0.01806938016734261,0.058655723799623125,0.31051007041506495,0.27397249745645197,403
classification,two_slot_pca38_buffer_classifier_xgboost,two_slot38,XGBoost,dexma_only,polymer,0.11216332759901927,0.06280251209525269,0.16076336752217837,0.3695624545256749,0.2573991269266556,355
classification,two_slot_pca38_buffer_classifier_xgboost,two_slot38,XGBoost,dexma_only,additive,0.37945303730232055,0.3131050635790995,0.4486885750474174,0.6368521642289762,0.2573991269266556,355
classification,two_slot_pca38_buffer_classifier_xgboost,two_slot38,XGBoost,dexma_only,salt,0.0380626172914222,0.012638417332623239,0.06282253039220843,0.29546174421807775,0.2573991269266556,355
classification,two_slot_pca38_buffer_classifier_xgboost,two_slot38,XGBoost,dexma_only,buffer,0.010655088551439998,-0.0015659216134454653,0.024842300889480588,0.2680542154780956,0.2573991269266556,355
classification,two_slot_pca38_buffer_classifier_mlp,two_slot38,MLP,all,polymer,0.1503287030253676,0.10793148022356783,0.19543517366751398,0.5002965792241455,0.3499678761987779,403
classification,two_slot_pca38_buffer_classifier_mlp,two_slot38,MLP,all,additive,0.32828714611847865,0.2794457151586174,0.37603764282684904,0.6782550223172567,0.3499678761987779,403
classification,two_slot_pca38_buffer_classifier_mlp,two_slot38,MLP,all,salt,0.06558582465188768,0.019717521627749132,0.11394254101483385,0.4155537008506656,0.3499678761987779,403
classification,two_slot_pca38_buffer_classifier_mlp,two_slot38,MLP,all,buffer,0.013369691198976822,-0.0011594747497367943,0.029389159812769145,0.36333756739775475,0.3499678761987779,403
classification,two_slot_pca38_buffer_classifier_mlp,two_slot38,MLP,dexma_only,polymer,0.10543824185094101,0.06639959387553149,0.14508979398741875,0.41714167719369366,0.3117034353427527,355
classification,two_slot_pca38_buffer_classifier_mlp,two_slot38,MLP,dexma_only,additive,0.3393917958875111,0.2909778029864119,0.39175041781961845,0.6510952312302638,0.3117034353427527,355
classification,two_slot_pca38_buffer_classifier_mlp,two_slot38,MLP,dexma_only,salt,0.0902343699740197,0.044238631663167306,0.13988998355616397,0.40193780531677237,0.3117034353427527,355
classification,two_slot_pca38_buffer_classifier_mlp,two_slot38,MLP,dexma_only,buffer,-0.0009483690778288306,-0.014704086302702127,0.012642179814336563,0.3107550662649239,0.3117034353427527,355
