task,model_id,feature_set,model_family,scoring_population,group,importance_mean,importance_std,median_rank,best_rank,worst_rank,top_rank_count,top_rank_fraction
regression,descriptor24_buffer_regressor_xgboost,descriptor24,XGBoost,all,polymer,3.5284185201629144,0.05649101406539693,1.0,1,1,5,1.0
regression,descriptor24_buffer_regressor_xgboost,descriptor24,XGBoost,all,additive,1.1952203298819284,0.06665569961704482,3.0,3,3,0,0.0
regression,descriptor24_buffer_regressor_xgboost,descriptor24,XGBoost,all,salt,1.4132509673293132,0.05251905423599327,2.0,2,2,0,0.0
regression,descriptor24_buffer_regressor_xgboost,descriptor24,XGBoost,all,buffer,0.5891929477873407,0.030835031854388933,4.0,4,4,0,0.0
regression,descriptor24_buffer_regressor_mlp,descriptor24,MLP,all,polymer,2.802257004347461,0.32639096175693383,1.0,1,1,5,1.0
regression,descriptor24_buffer_regressor_mlp,descriptor24,MLP,all,additive,0.6764071898883618,0.19944448211441596,3.0,3,3,0,0.0
regression,descriptor24_buffer_regressor_mlp,descriptor24,MLP,all,salt,1.3361587345861838,0.23413758286317565,2.0,2,2,0,0.0
regression,descriptor24_buffer_regressor_mlp,descriptor24,MLP,all,buffer,0.11232834819072073,0.31712020840500404,4.0,4,4,0,0.0
regression,two_slot_pca38_buffer_regressor_xgboost,two_slot38,XGBoost,all,polymer,3.5125686387529016,0.06914237478198156,1.0,1,1,5,1.0
regression,two_slot_pca38_buffer_regressor_xgboost,two_slot38,XGBoost,all,additive,1.2195603910681587,0.07828669138607684,3.0,3,3,0,0.0
regression,two_slot_pca38_buffer_regressor_xgboost,two_slot38,XGBoost,all,salt,1.4381110956436012,0.06402288463877479,2.0,2,2,0,0.0
regression,two_slot_pca38_buffer_regressor_xgboost,two_slot38,XGBoost,all,buffer,0.5836244072429965,0.028990569100885925,4.0,4,4,0,0.0
regression,two_slot_pca38_buffer_regressor_mlp,two_slot38,MLP,all,polymer,2.458986188339984,0.3405959654338919,1.0,1,1,5,1.0
regression,two_slot_pca38_buffer_regressor_mlp,two_slot38,MLP,all,additive,0.792318424740031,0.16226096388079325,3.0,3,3,0,0.0
regression,two_slot_pca38_buffer_regressor_mlp,two_slot38,MLP,all,salt,1.4225998516491878,0.17232867979521227,2.0,2,2,0,0.0
regression,two_slot_pca38_buffer_regressor_mlp,two_slot38,MLP,all,buffer,0.08642925006858057,0.32209251401824995,4.0,4,4,0,0.0
classification,descriptor24_buffer_classifier_xgboost,descriptor24,XGBoost,all,polymer,0.16101247035053862,0.008279655614080636,2.0,2,2,0,0.0
classification,descriptor24_buffer_classifier_xgboost,descriptor24,XGBoost,all,additive,0.33168707624750626,0.008646534861322996,1.0,1,1,5,1.0
classification,descriptor24_buffer_classifier_xgboost,descriptor24,XGBoost,all,salt,0.020750183581774405,0.0051480803322937925,3.0,3,4,0,0.0
classification,descriptor24_buffer_classifier_xgboost,descriptor24,XGBoost,all,buffer,0.017879536223396643,0.0013881289767567857,4.0,3,4,0,0.0
classification,descriptor24_buffer_classifier_xgboost,descriptor24,XGBoost,dexma_only,polymer,0.09748911703927404,0.008952913016913023,2.0,2,2,0,0.0
classification,descriptor24_buffer_classifier_xgboost,descriptor24,XGBoost,dexma_only,additive,0.32158468420989356,0.011856281083708219,1.0,1,1,5,1.0
classification,descriptor24_buffer_classifier_xgboost,descriptor24,XGBoost,dexma_only,salt,0.02816978912568242,0.004555160075825523,3.0,3,3,0,0.0
classification,descriptor24_buffer_classifier_xgboost,descriptor24,XGBoost,dexma_only,buffer,0.005469658425090037,0.000984369091229342,4.0,4,4,0,0.0
classification,descriptor24_buffer_classifier_mlp,descriptor24,MLP,all,polymer,0.1232908590487447,0.011410650951839506,2.0,2,2,0,0.0
classification,descriptor24_buffer_classifier_mlp,descriptor24,MLP,all,additive,0.27755288870782413,0.02364934839970384,1.0,1,1,5,1.0
classification,descriptor24_buffer_classifier_mlp,descriptor24,MLP,all,salt,0.05198425391898955,0.004212042267883469,3.0,3,3,0,0.0
classification,descriptor24_buffer_classifier_mlp,descriptor24,MLP,all,buffer,0.011222908489056608,0.007291356321659071,4.0,4,4,0,0.0
classification,descriptor24_buffer_classifier_mlp,descriptor24,MLP,dexma_only,polymer,0.06762018377596617,0.006302698233568207,2.0,2,2,0,0.0
classification,descriptor24_buffer_classifier_mlp,descriptor24,MLP,dexma_only,additive,0.26787902182294887,0.023016516268774205,1.0,1,1,5,1.0
classification,descriptor24_buffer_classifier_mlp,descriptor24,MLP,dexma_only,salt,0.0570151334788497,0.00653871857573631,3.0,3,3,0,0.0
classification,descriptor24_buffer_classifier_mlp,descriptor24,MLP,dexma_only,buffer,0.0036106953753138648,0.007962843515730874,4.0,4,4,0,0.0
classification,two_slot_pca38_buffer_classifier_xgboost,two_slot38,XGBoost,all,polymer,0.15570448423535826,0.0075095048995246026,2.0,2,2,0,0.0
classification,two_slot_pca38_buffer_classifier_xgboost,two_slot38,XGBoost,all,additive,0.33204675877965,0.010384976166529914,1.0,1,1,5,1.0
classification,two_slot_pca38_buffer_classifier_xgboost,two_slot38,XGBoost,all,salt,0.03138791720194438,0.00335172540262052,3.0,3,3,0,0.0
classification,two_slot_pca38_buffer_classifier_xgboost,two_slot38,XGBoost,all,buffer,0.018414582939909073,0.0008856581544032859,4.0,4,4,0,0.0
classification,two_slot_pca38_buffer_classifier_xgboost,two_slot38,XGBoost,dexma_only,polymer,0.09382024480591547,0.008764029148615078,2.0,2,2,0,0.0
classification,two_slot_pca38_buffer_classifier_xgboost,two_slot38,XGBoost,dexma_only,additive,0.3225943413940871,0.013259548653374177,1.0,1,1,5,1.0
classification,two_slot_pca38_buffer_classifier_xgboost,two_slot38,XGBoost,dexma_only,salt,0.03625908057011105,0.0028075981820467745,3.0,3,3,0,0.0
classification,two_slot_pca38_buffer_classifier_xgboost,two_slot38,XGBoost,dexma_only,buffer,0.005439321840174061,0.0010059816188091072,4.0,4,4,0,0.0
classification,two_slot_pca38_buffer_classifier_mlp,two_slot38,MLP,all,polymer,0.12346108518109729,0.013259925997851718,2.0,2,2,0,0.0
classification,two_slot_pca38_buffer_classifier_mlp,two_slot38,MLP,all,additive,0.26781712388150214,0.023080578054532827,1.0,1,1,5,1.0
classification,two_slot_pca38_buffer_classifier_mlp,two_slot38,MLP,all,salt,0.03749029764816586,0.011119141565657086,3.0,3,3,0,0.0
classification,two_slot_pca38_buffer_classifier_mlp,two_slot38,MLP,all,buffer,0.004453337651687424,0.011734601941774864,4.0,4,4,0,0.0
classification,two_slot_pca38_buffer_classifier_mlp,two_slot38,MLP,dexma_only,polymer,0.0692648666666156,0.012143465189587657,2.0,2,3,0,0.0
classification,two_slot_pca38_buffer_classifier_mlp,two_slot38,MLP,dexma_only,additive,0.26004924800413176,0.022651669937321716,1.0,1,1,5,1.0
classification,two_slot_pca38_buffer_classifier_mlp,two_slot38,MLP,dexma_only,salt,0.052833175323086824,0.01069953524390081,3.0,2,3,0,0.0
classification,two_slot_pca38_buffer_classifier_mlp,two_slot38,MLP,dexma_only,buffer,-0.001471067544582549,0.01194790121458373,4.0,4,4,0,0.0
