task,model_id,feature_set,model_family,scoring_population,seed,group,importance,null_loss,full_loss,total_gain,rank
regression,descriptor24_buffer_regressor_xgboost,descriptor24,XGBoost,all,42,polymer,3.4465320832265687,10.402929907257958,3.7880264750718635,6.614903432186095,1
regression,descriptor24_buffer_regressor_xgboost,descriptor24,XGBoost,all,42,additive,1.1521837369568457,10.402929907257958,3.7880264750718635,6.614903432186095,3
regression,descriptor24_buffer_regressor_xgboost,descriptor24,XGBoost,all,42,salt,1.419111523016071,10.402929907257958,3.7880264750718635,6.614903432186095,2
regression,descriptor24_buffer_regressor_xgboost,descriptor24,XGBoost,all,42,buffer,0.5970760889866098,10.402929907257958,3.7880264750718635,6.614903432186095,4
regression,descriptor24_buffer_regressor_xgboost,descriptor24,XGBoost,all,43,polymer,3.576597183434578,10.370470935852886,3.4279348951559765,6.942536040696909,1
regression,descriptor24_buffer_regressor_xgboost,descriptor24,XGBoost,all,43,additive,1.2607430126161372,10.370470935852886,3.4279348951559765,6.942536040696909,3
regression,descriptor24_buffer_regressor_xgboost,descriptor24,XGBoost,all,43,salt,1.4748957544912111,10.370470935852886,3.4279348951559765,6.942536040696909,2
regression,descriptor24_buffer_regressor_xgboost,descriptor24,XGBoost,all,43,buffer,0.6303000901549822,10.370470935852886,3.4279348951559765,6.942536040696909,4
regression,descriptor24_buffer_regressor_xgboost,descriptor24,XGBoost,all,44,polymer,3.5607495488856977,10.426707427292808,3.7617071511368456,6.665000276155962,1
regression,descriptor24_buffer_regressor_xgboost,descriptor24,XGBoost,all,44,additive,1.1026553670058095,10.426707427292808,3.7617071511368456,6.665000276155962,3
regression,descriptor24_buffer_regressor_xgboost,descriptor24,XGBoost,all,44,salt,1.425370550465841,10.426707427292808,3.7617071511368456,6.665000276155962,2
regression,descriptor24_buffer_regressor_xgboost,descriptor24,XGBoost,all,44,buffer,0.5762248097986141,10.426707427292808,3.7617071511368456,6.665000276155962,4
regression,descriptor24_buffer_regressor_xgboost,descriptor24,XGBoost,all,45,polymer,3.4924181791092517,10.353450790155122,3.7724098367859757,6.581040953369147,1
regression,descriptor24_buffer_regressor_xgboost,descriptor24,XGBoost,all,45,additive,1.2128994336847914,10.353450790155122,3.7724098367859757,6.581040953369147,3
regression,descriptor24_buffer_regressor_xgboost,descriptor24,XGBoost,all,45,salt,1.329383824564288,10.353450790155122,3.7724098367859757,6.581040953369147,2
regression,descriptor24_buffer_regressor_xgboost,descriptor24,XGBoost,all,45,buffer,0.546339516010816,10.353450790155122,3.7724098367859757,6.581040953369147,4
regression,descriptor24_buffer_regressor_xgboost,descriptor24,XGBoost,all,46,polymer,3.5657956061584755,10.380226902829362,3.553293779429991,6.826933123399371,1
regression,descriptor24_buffer_regressor_xgboost,descriptor24,XGBoost,all,46,additive,1.2476200991460589,10.380226902829362,3.553293779429991,6.826933123399371,3
regression,descriptor24_buffer_regressor_xgboost,descriptor24,XGBoost,all,46,salt,1.4174931841091554,10.380226902829362,3.553293779429991,6.826933123399371,2
regression,descriptor24_buffer_regressor_xgboost,descriptor24,XGBoost,all,46,buffer,0.5960242339856814,10.380226902829362,3.553293779429991,6.826933123399371,4
regression,descriptor24_buffer_regressor_mlp,descriptor24,MLP,all,42,polymer,2.947578005092676,10.402929907257958,4.805039085181867,5.597890822076091,1
regression,descriptor24_buffer_regressor_mlp,descriptor24,MLP,all,42,additive,0.8764484580862398,10.402929907257958,4.805039085181867,5.597890822076091,3
regression,descriptor24_buffer_regressor_mlp,descriptor24,MLP,all,42,salt,1.56857240006337,10.402929907257958,4.805039085181867,5.597890822076091,2
regression,descriptor24_buffer_regressor_mlp,descriptor24,MLP,all,42,buffer,0.20529195883380535,10.402929907257958,4.805039085181867,5.597890822076091,4
regression,descriptor24_buffer_regressor_mlp,descriptor24,MLP,all,43,polymer,2.995735498054146,10.370470935852886,4.773054880904495,5.597416054948391,1
regression,descriptor24_buffer_regressor_mlp,descriptor24,MLP,all,43,additive,0.7072155214003611,10.370470935852886,4.773054880904495,5.597416054948391,3
regression,descriptor24_buffer_regressor_mlp,descriptor24,MLP,all,43,salt,1.483391509487355,10.370470935852886,4.773054880904495,5.597416054948391,2
regression,descriptor24_buffer_regressor_mlp,descriptor24,MLP,all,43,buffer,0.4110735260065282,10.370470935852886,4.773054880904495,5.597416054948391,4
regression,descriptor24_buffer_regressor_mlp,descriptor24,MLP,all,44,polymer,2.375350992322354,10.426707427292808,7.139350232097647,3.2873571951951606,1
regression,descriptor24_buffer_regressor_mlp,descriptor24,MLP,all,44,additive,0.3408164371362315,10.426707427292808,7.139350232097647,3.2873571951951606,3
regression,descriptor24_buffer_regressor_mlp,descriptor24,MLP,all,44,salt,0.9873649196107352,10.426707427292808,7.139350232097647,3.2873571951951606,2
regression,descriptor24_buffer_regressor_mlp,descriptor24,MLP,all,44,buffer,-0.4161751538741608,10.426707427292808,7.139350232097647,3.2873571951951606,4
regression,descriptor24_buffer_regressor_mlp,descriptor24,MLP,all,45,polymer,2.5451109964025136,10.353450790155122,5.774756316436673,4.578694473718449,1
regression,descriptor24_buffer_regressor_mlp,descriptor24,MLP,all,45,additive,0.7242924789198202,10.353450790155122,5.774756316436673,4.578694473718449,3
regression,descriptor24_buffer_regressor_mlp,descriptor24,MLP,all,45,salt,1.2171588699562863,10.353450790155122,5.774756316436673,4.578694473718449,2
regression,descriptor24_buffer_regressor_mlp,descriptor24,MLP,all,45,buffer,0.09213212843982865,10.353450790155122,5.774756316436673,4.578694473718449,4
regression,descriptor24_buffer_regressor_mlp,descriptor24,MLP,all,46,polymer,3.147509529865614,10.380226902829362,4.805829063703817,5.574397839125545,1
regression,descriptor24_buffer_regressor_mlp,descriptor24,MLP,all,46,additive,0.7332630538991562,10.380226902829362,4.805829063703817,5.574397839125545,3
regression,descriptor24_buffer_regressor_mlp,descriptor24,MLP,all,46,salt,1.4243059738131731,10.380226902829362,4.805829063703817,5.574397839125545,2
regression,descriptor24_buffer_regressor_mlp,descriptor24,MLP,all,46,buffer,0.2693192815476023,10.380226902829362,4.805829063703817,5.574397839125545,4
regression,two_slot_pca38_buffer_regressor_xgboost,two_slot38,XGBoost,all,42,polymer,3.4204888403581224,10.402929907257958,3.8199582780980808,6.582971629159877,1
regression,two_slot_pca38_buffer_regressor_xgboost,two_slot38,XGBoost,all,42,additive,1.153552042895484,10.402929907257958,3.8199582780980808,6.582971629159877,3
regression,two_slot_pca38_buffer_regressor_xgboost,two_slot38,XGBoost,all,42,salt,1.4187362982981466,10.402929907257958,3.8199582780980808,6.582971629159877,2
regression,two_slot_pca38_buffer_regressor_xgboost,two_slot38,XGBoost,all,42,buffer,0.5901944476081233,10.402929907257958,3.8199582780980808,6.582971629159877,4
regression,two_slot_pca38_buffer_regressor_xgboost,two_slot38,XGBoost,all,43,polymer,3.5806485260172716,10.370470935852886,3.345756516231756,7.02471441962113,1
regression,two_slot_pca38_buffer_regressor_xgboost,two_slot38,XGBoost,all,43,additive,1.291213194733172,10.370470935852886,3.345756516231756,7.02471441962113,3
regression,two_slot_pca38_buffer_regressor_xgboost,two_slot38,XGBoost,all,43,salt,1.528561445514869,10.370470935852886,3.345756516231756,7.02471441962113,2
regression,two_slot_pca38_buffer_regressor_xgboost,two_slot38,XGBoost,all,43,buffer,0.6242912533558167,10.370470935852886,3.345756516231756,7.02471441962113,4
regression,two_slot_pca38_buffer_regressor_xgboost,two_slot38,XGBoost,all,44,polymer,3.5469795844516145,10.426707427292808,3.7328752515357015,6.693832175757106,1
regression,two_slot_pca38_buffer_regressor_xgboost,two_slot38,XGBoost,all,44,additive,1.123083902447211,10.426707427292808,3.7328752515357015,6.693832175757106,3
regression,two_slot_pca38_buffer_regressor_xgboost,two_slot38,XGBoost,all,44,salt,1.4546549200457373,10.426707427292808,3.7328752515357015,6.693832175757106,2
regression,two_slot_pca38_buffer_regressor_xgboost,two_slot38,XGBoost,all,44,buffer,0.5691137688125438,10.426707427292808,3.7328752515357015,6.693832175757106,4
regression,two_slot_pca38_buffer_regressor_xgboost,two_slot38,XGBoost,all,45,polymer,3.4585225459431452,10.353450790155122,3.7611948665966226,6.5922559235585,1
regression,two_slot_pca38_buffer_regressor_xgboost,two_slot38,XGBoost,all,45,additive,1.236771302479255,10.353450790155122,3.7611948665966226,6.5922559235585,3
regression,two_slot_pca38_buffer_regressor_xgboost,two_slot38,XGBoost,all,45,salt,1.3511343205661108,10.353450790155122,3.7611948665966226,6.5922559235585,2
regression,two_slot_pca38_buffer_regressor_xgboost,two_slot38,XGBoost,all,45,buffer,0.5458277545699884,10.353450790155122,3.7611948665966226,6.5922559235585,4
regression,two_slot_pca38_buffer_regressor_xgboost,two_slot38,XGBoost,all,46,polymer,3.556203696994354,10.380226902829362,3.5046783873876852,6.875548515441677,1
regression,two_slot_pca38_buffer_regressor_xgboost,two_slot38,XGBoost,all,46,additive,1.2931815127856718,10.380226902829362,3.5046783873876852,6.875548515441677,3
regression,two_slot_pca38_buffer_regressor_xgboost,two_slot38,XGBoost,all,46,salt,1.4374684937931415,10.380226902829362,3.5046783873876852,6.875548515441677,2
regression,two_slot_pca38_buffer_regressor_xgboost,two_slot38,XGBoost,all,46,buffer,0.5886948118685102,10.380226902829362,3.5046783873876852,6.875548515441677,4
regression,two_slot_pca38_buffer_regressor_mlp,two_slot38,MLP,all,42,polymer,2.521925467479736,10.402929907257958,5.728643408422863,4.674286498835095,1
regression,two_slot_pca38_buffer_regressor_mlp,two_slot38,MLP,all,42,additive,0.8823798777539601,10.402929907257958,5.728643408422863,4.674286498835095,3
regression,two_slot_pca38_buffer_regressor_mlp,two_slot38,MLP,all,42,salt,1.2260203980798179,10.402929907257958,5.728643408422863,4.674286498835095,2
regression,two_slot_pca38_buffer_regressor_mlp,two_slot38,MLP,all,42,buffer,0.04396075552158135,10.402929907257958,5.728643408422863,4.674286498835095,4
regression,two_slot_pca38_buffer_regressor_mlp,two_slot38,MLP,all,43,polymer,2.582759776795223,10.370470935852886,5.058003206526946,5.31246772932594,1
regression,two_slot_pca38_buffer_regressor_mlp,two_slot38,MLP,all,43,additive,1.033135910697737,10.370470935852886,5.058003206526946,5.31246772932594,3
regression,two_slot_pca38_buffer_regressor_mlp,two_slot38,MLP,all,43,salt,1.2695423078428585,10.370470935852886,5.058003206526946,5.31246772932594,2
regression,two_slot_pca38_buffer_regressor_mlp,two_slot38,MLP,all,43,buffer,0.42702973399012145,10.370470935852886,5.058003206526946,5.31246772932594,4
regression,two_slot_pca38_buffer_regressor_mlp,two_slot38,MLP,all,44,polymer,2.0372861319431483,10.426707427292808,6.4699683632938045,3.956739063999003,1
regression,two_slot_pca38_buffer_regressor_mlp,two_slot38,MLP,all,44,additive,0.6442460929001408,10.426707427292808,6.4699683632938045,3.956739063999003,3
regression,two_slot_pca38_buffer_regressor_mlp,two_slot38,MLP,all,44,salt,1.504969854221306,10.426707427292808,6.4699683632938045,3.956739063999003,2
regression,two_slot_pca38_buffer_regressor_mlp,two_slot38,MLP,all,44,buffer,-0.22976301506559188,10.426707427292808,6.4699683632938045,3.956739063999003,4
regression,two_slot_pca38_buffer_regressor_mlp,two_slot38,MLP,all,45,polymer,2.2305746182766635,10.353450790155122,6.185415055574754,4.168035734580369,1
regression,two_slot_pca38_buffer_regressor_mlp,two_slot38,MLP,all,45,additive,0.6839473359015642,10.353450790155122,6.185415055574754,4.168035734580369,3
regression,two_slot_pca38_buffer_regressor_mlp,two_slot38,MLP,all,45,salt,1.471918576742725,10.353450790155122,6.185415055574754,4.168035734580369,2
regression,two_slot_pca38_buffer_regressor_mlp,two_slot38,MLP,all,45,buffer,-0.2184047963405844,10.353450790155122,6.185415055574754,4.168035734580369,4
regression,two_slot_pca38_buffer_regressor_mlp,two_slot38,MLP,all,46,polymer,2.922384947205149,10.380226902829362,4.690087355580852,5.69013954724851,1
regression,two_slot_pca38_buffer_regressor_mlp,two_slot38,MLP,all,46,additive,0.717882906446753,10.380226902829362,4.690087355580852,5.69013954724851,3
regression,two_slot_pca38_buffer_regressor_mlp,two_slot38,MLP,all,46,salt,1.6405481213592317,10.380226902829362,4.690087355580852,5.69013954724851,2
regression,two_slot_pca38_buffer_regressor_mlp,two_slot38,MLP,all,46,buffer,0.4093235722373763,10.380226902829362,4.690087355580852,5.69013954724851,4
classification,descriptor24_buffer_classifier_xgboost,descriptor24,XGBoost,all,42,polymer,0.16274348318852694,0.8247393937014352,0.2890321076328504,0.5357072860685848,2
classification,descriptor24_buffer_classifier_xgboost,descriptor24,XGBoost,all,42,additive,0.3401013704707887,0.8247393937014352,0.2890321076328504,0.5357072860685848,1
classification,descriptor24_buffer_classifier_xgboost,descriptor24,XGBoost,all,42,salt,0.01489035305541718,0.8247393937014352,0.2890321076328504,0.5357072860685848,4
classification,descriptor24_buffer_classifier_xgboost,descriptor24,XGBoost,all,42,buffer,0.017972079353851953,0.8247393937014352,0.2890321076328504,0.5357072860685848,3
classification,descriptor24_buffer_classifier_xgboost,descriptor24,XGBoost,all,43,polymer,0.15806458560532,0.8248171937476079,0.29517851981933196,0.5296386739282759,2
classification,descriptor24_buffer_classifier_xgboost,descriptor24,XGBoost,all,43,additive,0.3353110094532855,0.8248171937476079,0.29517851981933196,0.5296386739282759,1
classification,descriptor24_buffer_classifier_xgboost,descriptor24,XGBoost,all,43,salt,0.019171836943002,0.8248171937476079,0.29517851981933196,0.5296386739282759,3
classification,descriptor24_buffer_classifier_xgboost,descriptor24,XGBoost,all,43,buffer,0.017091241926668395,0.8248171937476079,0.29517851981933196,0.5296386739282759,4
classification,descriptor24_buffer_classifier_xgboost,descriptor24,XGBoost,all,44,polymer,0.1506980101656057,0.8248609513924037,0.31382881342616026,0.5110321379662435,2
classification,descriptor24_buffer_classifier_xgboost,descriptor24,XGBoost,all,44,additive,0.3180066643126177,0.8248609513924037,0.31382881342616026,0.5110321379662435,1
classification,descriptor24_buffer_classifier_xgboost,descriptor24,XGBoost,all,44,salt,0.024816781855634594,0.8248609513924037,0.31382881342616026,0.5110321379662435,3
classification,descriptor24_buffer_classifier_xgboost,descriptor24,XGBoost,all,44,buffer,0.017510681632385453,0.8248609513924037,0.31382881342616026,0.5110321379662435,4
classification,descriptor24_buffer_classifier_xgboost,descriptor24,XGBoost,all,45,polymer,0.1734733010554726,0.8248367368495156,0.288286414425925,0.5365503224235906,2
classification,descriptor24_buffer_classifier_xgboost,descriptor24,XGBoost,all,45,additive,0.32886022623165,0.8248367368495156,0.288286414425925,0.5365503224235906,1
classification,descriptor24_buffer_classifier_xgboost,descriptor24,XGBoost,all,45,salt,0.01759029769314152,0.8248367368495156,0.288286414425925,0.5365503224235906,3
classification,descriptor24_buffer_classifier_xgboost,descriptor24,XGBoost,all,45,buffer,0.016626497443326387,0.8248367368495156,0.288286414425925,0.5365503224235906,4
classification,descriptor24_buffer_classifier_xgboost,descriptor24,XGBoost,all,46,polymer,0.16008297173776792,0.8247608818141566,0.2810429701847717,0.5437179116293849,2
classification,descriptor24_buffer_classifier_xgboost,descriptor24,XGBoost,all,46,additive,0.33615611076918916,0.8247608818141566,0.2810429701847717,0.5437179116293849,1
classification,descriptor24_buffer_classifier_xgboost,descriptor24,XGBoost,all,46,salt,0.02728164836167674,0.8247608818141566,0.2810429701847717,0.5437179116293849,3
classification,descriptor24_buffer_classifier_xgboost,descriptor24,XGBoost,all,46,buffer,0.02019718076075103,0.8247608818141566,0.2810429701847717,0.5437179116293849,4
classification,descriptor24_buffer_classifier_xgboost,descriptor24,XGBoost,dexma_only,42,polymer,0.10126162141814878,0.7289463219466153,0.2663818482709789,0.46256447367563647,2
classification,descriptor24_buffer_classifier_xgboost,descriptor24,XGBoost,dexma_only,42,additive,0.33467609453263214,0.7289463219466153,0.2663818482709789,0.46256447367563647,1
classification,descriptor24_buffer_classifier_xgboost,descriptor24,XGBoost,dexma_only,42,salt,0.021103925311072125,0.7289463219466153,0.2663818482709789,0.46256447367563647,3
classification,descriptor24_buffer_classifier_xgboost,descriptor24,XGBoost,dexma_only,42,buffer,0.005522832413783374,0.7289463219466153,0.2663818482709789,0.46256447367563647,4
classification,descriptor24_buffer_classifier_xgboost,descriptor24,XGBoost,dexma_only,43,polymer,0.0932494689489011,0.7290245909626104,0.28341531318268687,0.44560927777992354,2
classification,descriptor24_buffer_classifier_xgboost,descriptor24,XGBoost,dexma_only,43,additive,0.3180331319661742,0.7290245909626104,0.28341531318268687,0.44560927777992354,1
classification,descriptor24_buffer_classifier_xgboost,descriptor24,XGBoost,dexma_only,43,salt,0.030309834764915937,0.7290245909626104,0.28341531318268687,0.44560927777992354,3
classification,descriptor24_buffer_classifier_xgboost,descriptor24,XGBoost,dexma_only,43,buffer,0.0040168420999322635,0.7290245909626104,0.28341531318268687,0.44560927777992354,4
classification,descriptor24_buffer_classifier_xgboost,descriptor24,XGBoost,dexma_only,44,polymer,0.08823376012236153,0.7290658535623911,0.30056699003939247,0.4284988635229986,2
classification,descriptor24_buffer_classifier_xgboost,descriptor24,XGBoost,dexma_only,44,additive,0.3049962290958709,0.7290658535623911,0.30056699003939247,0.4284988635229986,1
classification,descriptor24_buffer_classifier_xgboost,descriptor24,XGBoost,dexma_only,44,salt,0.02852377484036151,0.7290658535623911,0.30056699003939247,0.4284988635229986,3
classification,descriptor24_buffer_classifier_xgboost,descriptor24,XGBoost,dexma_only,44,buffer,0.006745099464404703,0.7290658535623911,0.30056699003939247,0.4284988635229986,4
classification,descriptor24_buffer_classifier_xgboost,descriptor24,XGBoost,dexma_only,45,polymer,0.11116759650556134,0.7291078857035196,0.266345496912431,0.4627623887910886,2
classification,descriptor24_buffer_classifier_xgboost,descriptor24,XGBoost,dexma_only,45,additive,0.3188532312211994,0.7291078857035196,0.266345496912431,0.4627623887910886,1
classification,descriptor24_buffer_classifier_xgboost,descriptor24,XGBoost,dexma_only,45,salt,0.02746274907749861,0.7291078857035196,0.266345496912431,0.4627623887910886,3
classification,descriptor24_buffer_classifier_xgboost,descriptor24,XGBoost,dexma_only,45,buffer,0.005278811986829246,0.7291078857035196,0.266345496912431,0.4627623887910886,4
classification,descriptor24_buffer_classifier_xgboost,descriptor24,XGBoost,dexma_only,46,polymer,0.09353313820139748,0.729008712241629,0.26487747201157597,0.46413124023005303,2
classification,descriptor24_buffer_classifier_xgboost,descriptor24,XGBoost,dexma_only,46,additive,0.331364734233591,0.729008712241629,0.26487747201157597,0.46413124023005303,1
classification,descriptor24_buffer_classifier_xgboost,descriptor24,XGBoost,dexma_only,46,salt,0.033448661634563934,0.729008712241629,0.26487747201157597,0.46413124023005303,3
classification,descriptor24_buffer_classifier_xgboost,descriptor24,XGBoost,dexma_only,46,buffer,0.005784706160500594,0.729008712241629,0.26487747201157597,0.46413124023005303,4
classification,descriptor24_buffer_classifier_mlp,descriptor24,MLP,all,42,polymer,0.11333845586311662,0.8247393937014352,0.3414530014652542,0.48328639223618103,2
classification,descriptor24_buffer_classifier_mlp,descriptor24,MLP,all,42,additive,0.297826909973796,0.8247393937014352,0.3414530014652542,0.48328639223618103,1
classification,descriptor24_buffer_classifier_mlp,descriptor24,MLP,all,42,salt,0.0585804193193037,0.8247393937014352,0.3414530014652542,0.48328639223618103,3
classification,descriptor24_buffer_classifier_mlp,descriptor24,MLP,all,42,buffer,0.013540607079964673,0.8247393937014352,0.3414530014652542,0.48328639223618103,4
classification,descriptor24_buffer_classifier_mlp,descriptor24,MLP,all,43,polymer,0.13150481234030736,0.8248171937476079,0.3995513233184212,0.4252658704291867,2
classification,descriptor24_buffer_classifier_mlp,descriptor24,MLP,all,43,additive,0.24345279739113795,0.8248171937476079,0.3995513233184212,0.4252658704291867,1
classification,descriptor24_buffer_classifier_mlp,descriptor24,MLP,all,43,salt,0.04749989514124834,0.8248171937476079,0.3995513233184212,0.4252658704291867,3
classification,descriptor24_buffer_classifier_mlp,descriptor24,MLP,all,43,buffer,0.002808365556493016,0.8248171937476079,0.3995513233184212,0.4252658704291867,4
classification,descriptor24_buffer_classifier_mlp,descriptor24,MLP,all,44,polymer,0.1391922179812783,0.8248609513924037,0.33677914124056174,0.48808181015184193,2
classification,descriptor24_buffer_classifier_mlp,descriptor24,MLP,all,44,additive,0.2813978782993724,0.8248609513924037,0.33677914124056174,0.48808181015184193,1
classification,descriptor24_buffer_classifier_mlp,descriptor24,MLP,all,44,salt,0.0524970085744797,0.8248609513924037,0.33677914124056174,0.48808181015184193,3
classification,descriptor24_buffer_classifier_mlp,descriptor24,MLP,all,44,buffer,0.014994705296711545,0.8248609513924037,0.33677914124056174,0.48808181015184193,4
classification,descriptor24_buffer_classifier_mlp,descriptor24,MLP,all,45,polymer,0.11545268443054302,0.8248367368495156,0.33740084024271055,0.4874358966068051,2
classification,descriptor24_buffer_classifier_mlp,descriptor24,MLP,all,45,additive,0.29984544651192135,0.8248367368495156,0.33740084024271055,0.4874358966068051,1
classification,descriptor24_buffer_classifier_mlp,descriptor24,MLP,all,45,salt,0.05202090810826893,0.8248367368495156,0.33740084024271055,0.4874358966068051,3
classification,descriptor24_buffer_classifier_mlp,descriptor24,MLP,all,45,buffer,0.020116857556071788,0.8248367368495156,0.33740084024271055,0.4874358966068051,4
classification,descriptor24_buffer_classifier_mlp,descriptor24,MLP,all,46,polymer,0.11696612462847822,0.8247608818141566,0.3885763004150963,0.43618458139906036,2
classification,descriptor24_buffer_classifier_mlp,descriptor24,MLP,all,46,additive,0.26524141136289303,0.8247608818141566,0.3885763004150963,0.43618458139906036,1
classification,descriptor24_buffer_classifier_mlp,descriptor24,MLP,all,46,salt,0.04932303845164707,0.8247608818141566,0.3885763004150963,0.43618458139906036,3
classification,descriptor24_buffer_classifier_mlp,descriptor24,MLP,all,46,buffer,0.004654006956042015,0.8247608818141566,0.3885763004150963,0.43618458139906036,4
classification,descriptor24_buffer_classifier_mlp,descriptor24,MLP,dexma_only,42,polymer,0.06578677564212587,0.7289463219466153,0.3087712384445792,0.42017508350203614,2
classification,descriptor24_buffer_classifier_mlp,descriptor24,MLP,dexma_only,42,additive,0.28471132392180576,0.7289463219466153,0.3087712384445792,0.42017508350203614,1
classification,descriptor24_buffer_classifier_mlp,descriptor24,MLP,dexma_only,42,salt,0.06306428917831268,0.7289463219466153,0.3087712384445792,0.42017508350203614,3
classification,descriptor24_buffer_classifier_mlp,descriptor24,MLP,dexma_only,42,buffer,0.0066126947597918056,0.7289463219466153,0.3087712384445792,0.42017508350203614,4
classification,descriptor24_buffer_classifier_mlp,descriptor24,MLP,dexma_only,43,polymer,0.07371838163990779,0.7290245909626104,0.37762271062428726,0.35140188033832315,2
classification,descriptor24_buffer_classifier_mlp,descriptor24,MLP,dexma_only,43,additive,0.23398068994937188,0.7290245909626104,0.37762271062428726,0.35140188033832315,1
classification,descriptor24_buffer_classifier_mlp,descriptor24,MLP,dexma_only,43,salt,0.049449191074808156,0.7290245909626104,0.37762271062428726,0.35140188033832315,3
classification,descriptor24_buffer_classifier_mlp,descriptor24,MLP,dexma_only,43,buffer,-0.005746382325764701,0.7290245909626104,0.37762271062428726,0.35140188033832315,4
classification,descriptor24_buffer_classifier_mlp,descriptor24,MLP,dexma_only,44,polymer,0.07433693833851407,0.7290658535623911,0.32503504772444564,0.40403080583794543,2
classification,descriptor24_buffer_classifier_mlp,descriptor24,MLP,dexma_only,44,additive,0.2703330779608911,0.7290658535623911,0.32503504772444564,0.40403080583794543,1
classification,descriptor24_buffer_classifier_mlp,descriptor24,MLP,dexma_only,44,salt,0.05282808278256246,0.7290658535623911,0.32503504772444564,0.40403080583794543,3
classification,descriptor24_buffer_classifier_mlp,descriptor24,MLP,dexma_only,44,buffer,0.006532706755977756,0.7290658535623911,0.32503504772444564,0.40403080583794543,4
classification,descriptor24_buffer_classifier_mlp,descriptor24,MLP,dexma_only,45,polymer,0.06467250700157165,0.7291078857035196,0.29401503981972027,0.4350928458837993,2
classification,descriptor24_buffer_classifier_mlp,descriptor24,MLP,dexma_only,45,additive,0.2921237144439593,0.7291078857035196,0.29401503981972027,0.4350928458837993,1
classification,descriptor24_buffer_classifier_mlp,descriptor24,MLP,dexma_only,45,salt,0.06452459011428967,0.7291078857035196,0.29401503981972027,0.4350928458837993,3
classification,descriptor24_buffer_classifier_mlp,descriptor24,MLP,dexma_only,45,buffer,0.01377203432397866,0.7291078857035196,0.29401503981972027,0.4350928458837993,4
classification,descriptor24_buffer_classifier_mlp,descriptor24,MLP,dexma_only,46,polymer,0.05958631625771146,0.729008712241629,0.3590841555383398,0.3699245567032892,2
classification,descriptor24_buffer_classifier_mlp,descriptor24,MLP,dexma_only,46,additive,0.25824630283871636,0.729008712241629,0.3590841555383398,0.3699245567032892,1
classification,descriptor24_buffer_classifier_mlp,descriptor24,MLP,dexma_only,46,salt,0.05520951424427556,0.729008712241629,0.3590841555383398,0.3699245567032892,3
classification,descriptor24_buffer_classifier_mlp,descriptor24,MLP,dexma_only,46,buffer,-0.0031175766374141973,0.729008712241629,0.3590841555383398,0.3699245567032892,4
classification,two_slot_pca38_buffer_classifier_xgboost,two_slot38,XGBoost,all,42,polymer,0.15647791123299523,0.8247393937014352,0.2809574060837692,0.543781987617666,2
classification,two_slot_pca38_buffer_classifier_xgboost,two_slot38,XGBoost,all,42,additive,0.34090980415907934,0.8247393937014352,0.2809574060837692,0.543781987617666,1
classification,two_slot_pca38_buffer_classifier_xgboost,two_slot38,XGBoost,all,42,salt,0.02816676939899789,0.8247393937014352,0.2809574060837692,0.543781987617666,3
classification,two_slot_pca38_buffer_classifier_xgboost,two_slot38,XGBoost,all,42,buffer,0.0182275028265936,0.8247393937014352,0.2809574060837692,0.543781987617666,4
classification,two_slot_pca38_buffer_classifier_xgboost,two_slot38,XGBoost,all,43,polymer,0.15276188546445563,0.8248171937476079,0.28693411106132416,0.5378830826862837,2
classification,two_slot_pca38_buffer_classifier_xgboost,two_slot38,XGBoost,all,43,additive,0.3390406225348551,0.8248171937476079,0.28693411106132416,0.5378830826862837,1
classification,two_slot_pca38_buffer_classifier_xgboost,two_slot38,XGBoost,all,43,salt,0.02844878465930558,0.8248171937476079,0.28693411106132416,0.5378830826862837,3
classification,two_slot_pca38_buffer_classifier_xgboost,two_slot38,XGBoost,all,43,buffer,0.017631790027667366,0.8248171937476079,0.28693411106132416,0.5378830826862837,4
classification,two_slot_pca38_buffer_classifier_xgboost,two_slot38,XGBoost,all,44,polymer,0.14640574493384034,0.8248609513924037,0.30976547718712083,0.5150954742052829,2
classification,two_slot_pca38_buffer_classifier_xgboost,two_slot38,XGBoost,all,44,additive,0.31503891128526407,0.8248609513924037,0.30976547718712083,0.5150954742052829,1
classification,two_slot_pca38_buffer_classifier_xgboost,two_slot38,XGBoost,all,44,salt,0.03539733381501127,0.8248609513924037,0.30976547718712083,0.5150954742052829,3
classification,two_slot_pca38_buffer_classifier_xgboost,two_slot38,XGBoost,all,44,buffer,0.01825348417116722,0.8248609513924037,0.30976547718712083,0.5150954742052829,4
classification,two_slot_pca38_buffer_classifier_xgboost,two_slot38,XGBoost,all,45,polymer,0.16709929366989218,0.8248367368495156,0.2792128498084026,0.545623887041113,2
classification,two_slot_pca38_buffer_classifier_xgboost,two_slot38,XGBoost,all,45,additive,0.329977042678008,0.8248367368495156,0.2792128498084026,0.545623887041113,1
classification,two_slot_pca38_buffer_classifier_xgboost,two_slot38,XGBoost,all,45,salt,0.030522546341032037,0.8248367368495156,0.2792128498084026,0.545623887041113,3
classification,two_slot_pca38_buffer_classifier_xgboost,two_slot38,XGBoost,all,45,buffer,0.01802500435218073,0.8248367368495156,0.2792128498084026,0.545623887041113,4
classification,two_slot_pca38_buffer_classifier_xgboost,two_slot38,XGBoost,all,46,polymer,0.15577758587560803,0.8247608818141566,0.27937659758019323,0.5453842842339633,2
classification,two_slot_pca38_buffer_classifier_xgboost,two_slot38,XGBoost,all,46,additive,0.3352674132410437,0.8247608818141566,0.27937659758019323,0.5453842842339633,1
classification,two_slot_pca38_buffer_classifier_xgboost,two_slot38,XGBoost,all,46,salt,0.034404151795375135,0.8247608818141566,0.27937659758019323,0.5453842842339633,3
classification,two_slot_pca38_buffer_classifier_xgboost,two_slot38,XGBoost,all,46,buffer,0.01993513332193645,0.8247608818141566,0.27937659758019323,0.5453842842339633,4
classification,two_slot_pca38_buffer_classifier_xgboost,two_slot38,XGBoost,dexma_only,42,polymer,0.09594933031698322,0.7289463219466153,0.25996750802564494,0.4689788139209704,2
classification,two_slot_pca38_buffer_classifier_xgboost,two_slot38,XGBoost,dexma_only,42,additive,0.3365169548290595,0.7289463219466153,0.25996750802564494,0.4689788139209704,1
classification,two_slot_pca38_buffer_classifier_xgboost,two_slot38,XGBoost,dexma_only,42,salt,0.03128726159347068,0.7289463219466153,0.25996750802564494,0.4689788139209704,3
classification,two_slot_pca38_buffer_classifier_xgboost,two_slot38,XGBoost,dexma_only,42,buffer,0.00522526718145704,0.7289463219466153,0.25996750802564494,0.4689788139209704,4
classification,two_slot_pca38_buffer_classifier_xgboost,two_slot38,XGBoost,dexma_only,43,polymer,0.08882330504981002,0.7290245909626104,0.27735002665072866,0.45167456431188174,2
classification,two_slot_pca38_buffer_classifier_xgboost,two_slot38,XGBoost,dexma_only,43,additive,0.32085336118285523,0.7290245909626104,0.27735002665072866,0.45167456431188174,1
classification,two_slot_pca38_buffer_classifier_xgboost,two_slot38,XGBoost,dexma_only,43,salt,0.038074703794591165,0.7290245909626104,0.27735002665072866,0.45167456431188174,3
classification,two_slot_pca38_buffer_classifier_xgboost,two_slot38,XGBoost,dexma_only,43,buffer,0.003923194284625342,0.7290245909626104,0.27735002665072866,0.45167456431188174,4
classification,two_slot_pca38_buffer_classifier_xgboost,two_slot38,XGBoost,dexma_only,44,polymer,0.08531201102711186,0.7290658535623911,0.2978425861394685,0.43122326742292255,2
classification,two_slot_pca38_buffer_classifier_xgboost,two_slot38,XGBoost,dexma_only,44,additive,0.3020910556790578,0.7290658535623911,0.2978425861394685,0.43122326742292255,1
classification,two_slot_pca38_buffer_classifier_xgboost,two_slot38,XGBoost,dexma_only,44,salt,0.037289256257455716,0.7290658535623911,0.2978425861394685,0.43122326742292255,3
classification,two_slot_pca38_buffer_classifier_xgboost,two_slot38,XGBoost,dexma_only,44,buffer,0.006530944459297125,0.7290658535623911,0.2978425861394685,0.43122326742292255,4
classification,two_slot_pca38_buffer_classifier_xgboost,two_slot38,XGBoost,dexma_only,45,polymer,0.10789377282991455,0.7291078857035196,0.25636569743611703,0.47274218826740255,2
classification,two_slot_pca38_buffer_classifier_xgboost,two_slot38,XGBoost,dexma_only,45,additive,0.3216865055971307,0.7291078857035196,0.25636569743611703,0.47274218826740255,1
classification,two_slot_pca38_buffer_classifier_xgboost,two_slot38,XGBoost,dexma_only,45,salt,0.03701087044508905,0.7291078857035196,0.25636569743611703,0.47274218826740255,3
classification,two_slot_pca38_buffer_classifier_xgboost,two_slot38,XGBoost,dexma_only,45,buffer,0.006151039395268222,0.7291078857035196,0.25636569743611703,0.47274218826740255,4
classification,two_slot_pca38_buffer_classifier_xgboost,two_slot38,XGBoost,dexma_only,46,polymer,0.09112280480575774,0.729008712241629,0.2630626031133679,0.4659461091282611,2
classification,two_slot_pca38_buffer_classifier_xgboost,two_slot38,XGBoost,dexma_only,46,additive,0.33182382968233215,0.729008712241629,0.2630626031133679,0.4659461091282611,1
classification,two_slot_pca38_buffer_classifier_xgboost,two_slot38,XGBoost,dexma_only,46,salt,0.03763331075994863,0.729008712241629,0.2630626031133679,0.4659461091282611,3
classification,two_slot_pca38_buffer_classifier_xgboost,two_slot38,XGBoost,dexma_only,46,buffer,0.005366163880222573,0.729008712241629,0.2630626031133679,0.4659461091282611,4
classification,two_slot_pca38_buffer_classifier_mlp,two_slot38,MLP,all,42,polymer,0.11051411995588753,0.8247393937014352,0.43919109739409246,0.3855482963073428,2
classification,two_slot_pca38_buffer_classifier_mlp,two_slot38,MLP,all,42,additive,0.2644460172788803,0.8247393937014352,0.43919109739409246,0.3855482963073428,1
classification,two_slot_pca38_buffer_classifier_mlp,two_slot38,MLP,all,42,salt,0.02513009976101888,0.8247393937014352,0.43919109739409246,0.3855482963073428,3
classification,two_slot_pca38_buffer_classifier_mlp,two_slot38,MLP,all,42,buffer,-0.01454194068844392,0.8247393937014352,0.43919109739409246,0.3855482963073428,4
classification,two_slot_pca38_buffer_classifier_mlp,two_slot38,MLP,all,43,polymer,0.14042136608967815,0.8248171937476079,0.381783326389645,0.44303386735796285,2
classification,two_slot_pca38_buffer_classifier_mlp,two_slot38,MLP,all,43,additive,0.2470762054262628,0.8248171937476079,0.381783326389645,0.44303386735796285,1
classification,two_slot_pca38_buffer_classifier_mlp,two_slot38,MLP,all,43,salt,0.054624836242225215,0.8248171937476079,0.381783326389645,0.44303386735796285,3
classification,two_slot_pca38_buffer_classifier_mlp,two_slot38,MLP,all,43,buffer,0.0009114595997966285,0.8248171937476079,0.381783326389645,0.44303386735796285,4
classification,two_slot_pca38_buffer_classifier_mlp,two_slot38,MLP,all,44,polymer,0.13020410538265578,0.8248609513924037,0.3821438689402683,0.44271708245213537,2
classification,two_slot_pca38_buffer_classifier_mlp,two_slot38,MLP,all,44,additive,0.270044625576243,0.8248609513924037,0.3821438689402683,0.44271708245213537,1
classification,two_slot_pca38_buffer_classifier_mlp,two_slot38,MLP,all,44,salt,0.03147132323673535,0.8248609513924037,0.3821438689402683,0.44271708245213537,3
classification,two_slot_pca38_buffer_classifier_mlp,two_slot38,MLP,all,44,buffer,0.010997028256501284,0.8248609513924037,0.3821438689402683,0.44271708245213537,4
classification,two_slot_pca38_buffer_classifier_mlp,two_slot38,MLP,all,45,polymer,0.12658908589907875,0.8248367368495156,0.3378505519052241,0.4869861849442915,2
classification,two_slot_pca38_buffer_classifier_mlp,two_slot38,MLP,all,45,additive,0.305637576815608,0.8248367368495156,0.3378505519052241,0.4869861849442915,1
classification,two_slot_pca38_buffer_classifier_mlp,two_slot38,MLP,all,45,salt,0.0404760571687674,0.8248367368495156,0.3378505519052241,0.4869861849442915,3
classification,two_slot_pca38_buffer_classifier_mlp,two_slot38,MLP,all,45,buffer,0.014283465060837353,0.8248367368495156,0.3378505519052241,0.4869861849442915,4
classification,two_slot_pca38_buffer_classifier_mlp,two_slot38,MLP,all,46,polymer,0.10957674857818628,0.8247608818141566,0.41693709106362553,0.4078237907505311,2
classification,two_slot_pca38_buffer_classifier_mlp,two_slot38,MLP,all,46,additive,0.2518811943105166,0.8247608818141566,0.41693709106362553,0.4078237907505311,1
classification,two_slot_pca38_buffer_classifier_mlp,two_slot38,MLP,all,46,salt,0.03574917183208245,0.8247608818141566,0.41693709106362553,0.4078237907505311,3
classification,two_slot_pca38_buffer_classifier_mlp,two_slot38,MLP,all,46,buffer,0.010616676029745776,0.8247608818141566,0.41693709106362553,0.4078237907505311,4
classification,two_slot_pca38_buffer_classifier_mlp,two_slot38,MLP,dexma_only,42,polymer,0.06627200495067301,0.7289463219466153,0.3955440446623037,0.33340227728431165,2
classification,two_slot_pca38_buffer_classifier_mlp,two_slot38,MLP,dexma_only,42,additive,0.24896199868921948,0.7289463219466153,0.3955440446623037,0.33340227728431165,1
classification,two_slot_pca38_buffer_classifier_mlp,two_slot38,MLP,dexma_only,42,salt,0.037774846641952776,0.7289463219466153,0.3955440446623037,0.33340227728431165,3
classification,two_slot_pca38_buffer_classifier_mlp,two_slot38,MLP,dexma_only,42,buffer,-0.019606572997533628,0.7289463219466153,0.3955440446623037,0.33340227728431165,4
classification,two_slot_pca38_buffer_classifier_mlp,two_slot38,MLP,dexma_only,43,polymer,0.08638857902932047,0.7290245909626104,0.34339656075723696,0.38562803020537345,2
classification,two_slot_pca38_buffer_classifier_mlp,two_slot38,MLP,dexma_only,43,additive,0.24222772590917607,0.7290245909626104,0.34339656075723696,0.38562803020537345,1
classification,two_slot_pca38_buffer_classifier_mlp,two_slot38,MLP,dexma_only,43,salt,0.06308387941188251,0.7290245909626104,0.34339656075723696,0.38562803020537345,3
classification,two_slot_pca38_buffer_classifier_mlp,two_slot38,MLP,dexma_only,43,buffer,-0.006072154145005601,0.7290245909626104,0.34339656075723696,0.38562803020537345,4
classification,two_slot_pca38_buffer_classifier_mlp,two_slot38,MLP,dexma_only,44,polymer,0.06967336645411756,0.7290658535623911,0.354205811056824,0.37486004250556704,2
classification,two_slot_pca38_buffer_classifier_mlp,two_slot38,MLP,dexma_only,44,additive,0.25740252153055115,0.7290658535623911,0.354205811056824,0.37486004250556704,1
classification,two_slot_pca38_buffer_classifier_mlp,two_slot38,MLP,dexma_only,44,salt,0.046465652792176584,0.7290658535623911,0.354205811056824,0.37486004250556704,3
classification,two_slot_pca38_buffer_classifier_mlp,two_slot38,MLP,dexma_only,44,buffer,0.0013185017287217493,0.7290658535623911,0.354205811056824,0.37486004250556704,4
classification,two_slot_pca38_buffer_classifier_mlp,two_slot38,MLP,dexma_only,45,polymer,0.07152968182154702,0.7291078857035196,0.2852365385489641,0.4438713471545555,2
classification,two_slot_pca38_buffer_classifier_mlp,two_slot38,MLP,dexma_only,45,additive,0.29935335421045745,0.7291078857035196,0.2852365385489641,0.4438713471545555,1
classification,two_slot_pca38_buffer_classifier_mlp,two_slot38,MLP,dexma_only,45,salt,0.061819478129738606,0.7291078857035196,0.2852365385489641,0.4438713471545555,3
classification,two_slot_pca38_buffer_classifier_mlp,two_slot38,MLP,dexma_only,45,buffer,0.011168832992812386,0.7291078857035196,0.2852365385489641,0.4438713471545555,4
classification,two_slot_pca38_buffer_classifier_mlp,two_slot38,MLP,dexma_only,46,polymer,0.052460701077419986,0.729008712241629,0.36338929714517826,0.36561941509645074,3
classification,two_slot_pca38_buffer_classifier_mlp,two_slot38,MLP,dexma_only,46,additive,0.25230063968125477,0.729008712241629,0.36338929714517826,0.36561941509645074,1
classification,two_slot_pca38_buffer_classifier_mlp,two_slot38,MLP,dexma_only,46,salt,0.05502201963968363,0.729008712241629,0.36338929714517826,0.36561941509645074,2
classification,two_slot_pca38_buffer_classifier_mlp,two_slot38,MLP,dexma_only,46,buffer,0.005836054698092349,0.729008712241629,0.36338929714517826,0.36561941509645074,4
