task,model_id,feature_set,model_family,scoring_population,group,importance,ci95_low,ci95_high,null_loss,full_loss,total_gain,n_conditions
regression,descriptor24_buffer_regressor_xgboost,descriptor24,XGBoost,all,polymer,3.5358368741997395,2.868366178722139,4.259010728403289,10.384571205382223,3.5562107196454336,6.828360485736789,272
regression,descriptor24_buffer_regressor_xgboost,descriptor24,XGBoost,all,additive,1.250248652058144,0.8498937073089158,1.6876106078036615,10.384571205382223,3.5562107196454336,6.828360485736789,272
regression,descriptor24_buffer_regressor_xgboost,descriptor24,XGBoost,all,salt,1.4463805199204436,1.0213987642632185,1.8928548848666586,10.384571205382223,3.5562107196454336,6.828360485736789,272
regression,descriptor24_buffer_regressor_xgboost,descriptor24,XGBoost,all,buffer,0.5958944395584631,0.27450180221677944,0.9672319381887462,10.384571205382223,3.5562107196454336,6.828360485736789,272
regression,descriptor24_buffer_regressor_mlp,descriptor24,MLP,all,polymer,2.9457133767233206,2.339094202407933,3.5810805657504408,10.384571205382223,5.1256770114506995,5.258894193931523,272
regression,descriptor24_buffer_regressor_mlp,descriptor24,MLP,all,additive,0.7985494197975148,0.4776498192827087,1.1438572925190336,10.384571205382223,5.1256770114506995,5.258894193931523,272
regression,descriptor24_buffer_regressor_mlp,descriptor24,MLP,all,salt,1.37023845473465,0.9457780782173396,1.786190492138001,10.384571205382223,5.1256770114506995,5.258894193931523,272
regression,descriptor24_buffer_regressor_mlp,descriptor24,MLP,all,buffer,0.1443929426760371,-0.09008060820595061,0.3844631183584002,10.384571205382223,5.1256770114506995,5.258894193931523,272
regression,two_slot_pca38_buffer_regressor_xgboost,two_slot38,XGBoost,all,polymer,3.5238510570105768,2.848178160152745,4.251251893028819,10.384571205382223,3.5240911135693023,6.860480091812921,272
regression,two_slot_pca38_buffer_regressor_xgboost,two_slot38,XGBoost,all,additive,1.2735724038671747,0.8700716539660236,1.7111041735549277,10.384571205382223,3.5240911135693023,6.860480091812921,272
regression,two_slot_pca38_buffer_regressor_xgboost,two_slot38,XGBoost,all,salt,1.4701921686625596,1.054328754031521,1.9027361912900604,10.384571205382223,3.5240911135693023,6.860480091812921,272
regression,two_slot_pca38_buffer_regressor_xgboost,two_slot38,XGBoost,all,buffer,0.5928644622726104,0.2653302202015456,0.964966811328904,10.384571205382223,3.5240911135693023,6.860480091812921,272
regression,two_slot_pca38_buffer_regressor_mlp,two_slot38,MLP,all,polymer,2.7041005244616825,2.167092838743955,3.259193930115013,10.384571205382223,5.150600358381791,5.233970847000432,272
regression,two_slot_pca38_buffer_regressor_mlp,two_slot38,MLP,all,additive,0.925877483427007,0.6014945457750932,1.2568084555657295,10.384571205382223,5.150600358381791,5.233970847000432,272
regression,two_slot_pca38_buffer_regressor_mlp,two_slot38,MLP,all,salt,1.4950231701969778,1.0099974933157312,1.9937525830917115,10.384571205382223,5.150600358381791,5.233970847000432,272
regression,two_slot_pca38_buffer_regressor_mlp,two_slot38,MLP,all,buffer,0.10896966891476544,-0.10831218303890082,0.33247960939975946,10.384571205382223,5.150600358381791,5.233970847000432,272
classification,descriptor24_buffer_classifier_xgboost,descriptor24,XGBoost,all,polymer,0.16336722829931236,0.11799417750246229,0.21043366707387487,0.8247963506249546,0.2790886407941305,0.5457077098308241,403
classification,descriptor24_buffer_classifier_xgboost,descriptor24,XGBoost,all,additive,0.33678303154639927,0.28035614781635293,0.3932340786015795,0.8247963506249546,0.2790886407941305,0.5457077098308241,403
classification,descriptor24_buffer_classifier_xgboost,descriptor24,XGBoost,all,salt,0.027789394279345882,-0.009460067711014467,0.06411508275431727,0.8247963506249546,0.2790886407941305,0.5457077098308241,403
classification,descriptor24_buffer_classifier_xgboost,descriptor24,XGBoost,all,buffer,0.017768055705766738,0.008584520421312282,0.028346621399740205,0.8247963506249546,0.2790886407941305,0.5457077098308241,403
classification,descriptor24_buffer_classifier_xgboost,descriptor24,XGBoost,dexma_only,polymer,0.10063429854828136,0.06264539991601455,0.13818484918950122,0.7290248401292864,0.2613275149908808,0.46769732513840556,355
classification,descriptor24_buffer_classifier_xgboost,descriptor24,XGBoost,dexma_only,additive,0.3269874646246808,0.27084770706300715,0.38666502332073577,0.7290248401292864,0.2613275149908808,0.46769732513840556,355
classification,descriptor24_buffer_classifier_xgboost,descriptor24,XGBoost,dexma_only,salt,0.034524670530634516,0.0015279772083887078,0.06595217553386883,0.7290248401292864,0.2613275149908808,0.46769732513840556,355
classification,descriptor24_buffer_classifier_xgboost,descriptor24,XGBoost,dexma_only,buffer,0.005550891434808932,-0.0011799846777038527,0.0128977451045255,0.7290248401292864,0.2613275149908808,0.46769732513840556,355
classification,descriptor24_buffer_classifier_mlp,descriptor24,MLP,all,polymer,0.12919209012368552,0.09216181826906064,0.16593088895875577,0.8247963506249546,0.3286062775211006,0.496190073103854,403
classification,descriptor24_buffer_classifier_mlp,descriptor24,MLP,all,additive,0.2935055963566041,0.2471460943352166,0.33958171349357824,0.8247963506249546,0.3286062775211006,0.496190073103854,403
classification,descriptor24_buffer_classifier_mlp,descriptor24,MLP,all,salt,0.05991675768580589,0.0346004630966707,0.08564515882643305,0.8247963506249546,0.3286062775211006,0.496190073103854,403
classification,descriptor24_buffer_classifier_mlp,descriptor24,MLP,all,buffer,0.013575628937758556,0.007096389860198275,0.020880128704714816,0.8247963506249546,0.3286062775211006,0.496190073103854,403
classification,descriptor24_buffer_classifier_mlp,descriptor24,MLP,dexma_only,polymer,0.07182436966297355,0.04277823579000554,0.09994610422668365,0.7290248401292864,0.30451510001053456,0.4245097401187518,355
classification,descriptor24_buffer_classifier_mlp,descriptor24,MLP,dexma_only,additive,0.28336871983682665,0.23676548722950683,0.3348341667629963,0.7290248401292864,0.30451510001053456,0.4245097401187518,355
classification,descriptor24_buffer_classifier_mlp,descriptor24,MLP,dexma_only,salt,0.06357480371081095,0.03981303406175456,0.08871240904805683,0.7290248401292864,0.30451510001053456,0.4245097401187518,355
classification,descriptor24_buffer_classifier_mlp,descriptor24,MLP,dexma_only,buffer,0.005741846908140675,-0.0005433986083309744,0.011940701723597003,0.7290248401292864,0.30451510001053456,0.4245097401187518,355
classification,two_slot_pca38_buffer_classifier_xgboost,two_slot38,XGBoost,all,polymer,0.15810132297113025,0.11230859361358105,0.20551247934123432,0.8247963506249546,0.27397249745645197,0.5508238531685026,403
classification,two_slot_pca38_buffer_classifier_xgboost,two_slot38,XGBoost,all,additive,0.3372393354612078,0.28107640781434184,0.3934483096147755,0.8247963506249546,0.27397249745645197,0.5508238531685026,403
classification,two_slot_pca38_buffer_classifier_xgboost,two_slot38,XGBoost,all,salt,0.0371301083837708,0.0028168009541011422,0.07105892544755213,0.8247963506249546,0.27397249745645197,0.5508238531685026,403
classification,two_slot_pca38_buffer_classifier_xgboost,two_slot38,XGBoost,all,buffer,0.01835308635239389,0.009127048744614556,0.029355886257298586,0.8247963506249546,0.27397249745645197,0.5508238531685026,403
classification,two_slot_pca38_buffer_classifier_xgboost,two_slot38,XGBoost,dexma_only,polymer,0.09669322701707972,0.05831835739227914,0.13397834906397965,0.7290248401292864,0.2573991269266556,0.47162571320263075,355
classification,two_slot_pca38_buffer_classifier_xgboost,two_slot38,XGBoost,dexma_only,additive,0.32807626344751867,0.2729588607647533,0.38641260764097995,0.7290248401292864,0.2573991269266556,0.47162571320263075,355
classification,two_slot_pca38_buffer_classifier_xgboost,two_slot38,XGBoost,dexma_only,salt,0.04133463599814296,0.011946939137257754,0.06979701496752483,0.7290248401292864,0.2573991269266556,0.47162571320263075,355
classification,two_slot_pca38_buffer_classifier_xgboost,two_slot38,XGBoost,dexma_only,buffer,0.005521586739889436,-0.0014051410535962769,0.013159814718469784,0.7290248401292864,0.2573991269266556,0.47162571320263075,355
classification,two_slot_pca38_buffer_classifier_mlp,two_slot38,MLP,all,polymer,0.1288675820471302,0.09333741950269613,0.16466832138733234,0.8247963506249546,0.3499678761987779,0.4748284744261767,403
classification,two_slot_pca38_buffer_classifier_mlp,two_slot38,MLP,all,additive,0.2869312445954542,0.24284964063282838,0.330693104328997,0.8247963506249546,0.3499678761987779,0.4748284744261767,403
classification,two_slot_pca38_buffer_classifier_mlp,two_slot38,MLP,all,salt,0.04941288988740677,0.015847277364522534,0.07891812479323485,0.8247963506249546,0.3499678761987779,0.4748284744261767,403
classification,two_slot_pca38_buffer_classifier_mlp,two_slot38,MLP,all,buffer,0.009616757896185577,0.0030277356907472846,0.016937779023127486,0.8247963506249546,0.3499678761987779,0.4748284744261767,403
classification,two_slot_pca38_buffer_classifier_mlp,two_slot38,MLP,dexma_only,polymer,0.07336268408010535,0.04514514323893175,0.1019492881218934,0.7290248401292864,0.3117034353427527,0.4173214047865337,355
classification,two_slot_pca38_buffer_classifier_mlp,two_slot38,MLP,dexma_only,additive,0.27843818023095523,0.23419995586562964,0.32827618743434345,0.7290248401292864,0.3117034353427527,0.4173214047865337,355
classification,two_slot_pca38_buffer_classifier_mlp,two_slot38,MLP,dexma_only,salt,0.06252792281251086,0.03717016092157769,0.08843348245612417,0.7290248401292864,0.3117034353427527,0.4173214047865337,355
classification,two_slot_pca38_buffer_classifier_mlp,two_slot38,MLP,dexma_only,buffer,0.0029926176629622714,-0.003216319486715892,0.009331762079111102,0.7290248401292864,0.3117034353427527,0.4173214047865337,355
