task,model_id,feature_set,model_family,scoring_population,seed,polymer_feature,importance,parent_polymer_importance,rank
regression,descriptor24_buffer_regressor_xgboost,descriptor24,XGBoost,all,42,functionalization,1.7287610365017774,3.4465320832265687,1
regression,descriptor24_buffer_regressor_xgboost,descriptor24,XGBoost,all,42,molecular_weight,1.17132115483546,3.4465320832265687,2
regression,descriptor24_buffer_regressor_xgboost,descriptor24,XGBoost,all,42,concentration,0.546449891889331,3.4465320832265687,3
regression,descriptor24_buffer_regressor_xgboost,descriptor24,XGBoost,all,43,functionalization,1.8034705509374873,3.576597183434578,1
regression,descriptor24_buffer_regressor_xgboost,descriptor24,XGBoost,all,43,molecular_weight,1.2612005079703619,3.576597183434578,2
regression,descriptor24_buffer_regressor_xgboost,descriptor24,XGBoost,all,43,concentration,0.511926124526729,3.576597183434578,3
regression,descriptor24_buffer_regressor_xgboost,descriptor24,XGBoost,all,44,functionalization,1.8678400377033815,3.5607495488856977,1
regression,descriptor24_buffer_regressor_xgboost,descriptor24,XGBoost,all,44,molecular_weight,1.138504178319895,3.5607495488856977,2
regression,descriptor24_buffer_regressor_xgboost,descriptor24,XGBoost,all,44,concentration,0.5544053328624206,3.5607495488856977,3
regression,descriptor24_buffer_regressor_xgboost,descriptor24,XGBoost,all,45,functionalization,1.7993631799053627,3.4924181791092517,1
regression,descriptor24_buffer_regressor_xgboost,descriptor24,XGBoost,all,45,molecular_weight,1.2587717919491004,3.4924181791092517,2
regression,descriptor24_buffer_regressor_xgboost,descriptor24,XGBoost,all,45,concentration,0.4342832072547881,3.4924181791092517,3
regression,descriptor24_buffer_regressor_xgboost,descriptor24,XGBoost,all,46,functionalization,1.8077223879515578,3.5657956061584755,1
regression,descriptor24_buffer_regressor_xgboost,descriptor24,XGBoost,all,46,molecular_weight,1.1830938014419696,3.5657956061584755,2
regression,descriptor24_buffer_regressor_xgboost,descriptor24,XGBoost,all,46,concentration,0.5749794167649479,3.5657956061584755,3
regression,descriptor24_buffer_regressor_mlp,descriptor24,MLP,all,42,functionalization,1.5283675082449224,2.947578005092676,1
regression,descriptor24_buffer_regressor_mlp,descriptor24,MLP,all,42,molecular_weight,0.7593104176981201,2.947578005092676,2
regression,descriptor24_buffer_regressor_mlp,descriptor24,MLP,all,42,concentration,0.6599000791496332,2.947578005092676,3
regression,descriptor24_buffer_regressor_mlp,descriptor24,MLP,all,43,functionalization,1.7263371334734432,2.995735498054146,1
regression,descriptor24_buffer_regressor_mlp,descriptor24,MLP,all,43,molecular_weight,0.7746027001061737,2.995735498054146,2
regression,descriptor24_buffer_regressor_mlp,descriptor24,MLP,all,43,concentration,0.4947956644745291,2.995735498054146,3
regression,descriptor24_buffer_regressor_mlp,descriptor24,MLP,all,44,functionalization,1.2363298342608195,2.375350992322354,1
regression,descriptor24_buffer_regressor_mlp,descriptor24,MLP,all,44,molecular_weight,0.5417380788262679,2.375350992322354,3
regression,descriptor24_buffer_regressor_mlp,descriptor24,MLP,all,44,concentration,0.5972830792352665,2.375350992322354,2
regression,descriptor24_buffer_regressor_mlp,descriptor24,MLP,all,45,functionalization,1.2536008222368809,2.5451109964025136,1
regression,descriptor24_buffer_regressor_mlp,descriptor24,MLP,all,45,molecular_weight,0.7704331339460745,2.5451109964025136,2
regression,descriptor24_buffer_regressor_mlp,descriptor24,MLP,all,45,concentration,0.5210770402195586,2.5451109964025136,3
regression,descriptor24_buffer_regressor_mlp,descriptor24,MLP,all,46,functionalization,1.6599421951204043,3.147509529865614,1
regression,descriptor24_buffer_regressor_mlp,descriptor24,MLP,all,46,molecular_weight,0.8118637759601306,3.147509529865614,2
regression,descriptor24_buffer_regressor_mlp,descriptor24,MLP,all,46,concentration,0.675703558785079,3.147509529865614,3
regression,two_slot_pca38_buffer_regressor_xgboost,two_slot38,XGBoost,all,42,functionalization,1.7011131086304876,3.4204888403581224,1
regression,two_slot_pca38_buffer_regressor_xgboost,two_slot38,XGBoost,all,42,molecular_weight,1.17602352899076,3.4204888403581224,2
regression,two_slot_pca38_buffer_regressor_xgboost,two_slot38,XGBoost,all,42,concentration,0.5433522027368748,3.4204888403581224,3
regression,two_slot_pca38_buffer_regressor_xgboost,two_slot38,XGBoost,all,43,functionalization,1.8083043961801524,3.5806485260172716,1
regression,two_slot_pca38_buffer_regressor_xgboost,two_slot38,XGBoost,all,43,molecular_weight,1.2417275466778177,3.5806485260172716,2
regression,two_slot_pca38_buffer_regressor_xgboost,two_slot38,XGBoost,all,43,concentration,0.5306165831593015,3.5806485260172716,3
regression,two_slot_pca38_buffer_regressor_xgboost,two_slot38,XGBoost,all,44,functionalization,1.8517317168047152,3.5469795844516145,1
regression,two_slot_pca38_buffer_regressor_xgboost,two_slot38,XGBoost,all,44,molecular_weight,1.1601706437197157,3.5469795844516145,2
regression,two_slot_pca38_buffer_regressor_xgboost,two_slot38,XGBoost,all,44,concentration,0.5350772239271832,3.5469795844516145,3
regression,two_slot_pca38_buffer_regressor_xgboost,two_slot38,XGBoost,all,45,functionalization,1.7755785439900926,3.4585225459431452,1
regression,two_slot_pca38_buffer_regressor_xgboost,two_slot38,XGBoost,all,45,molecular_weight,1.2529131702956673,3.4585225459431452,2
regression,two_slot_pca38_buffer_regressor_xgboost,two_slot38,XGBoost,all,45,concentration,0.4300308316573843,3.4585225459431452,3
regression,two_slot_pca38_buffer_regressor_xgboost,two_slot38,XGBoost,all,46,functionalization,1.796132455379016,3.556203696994354,1
regression,two_slot_pca38_buffer_regressor_xgboost,two_slot38,XGBoost,all,46,molecular_weight,1.1833607871776075,3.556203696994354,2
regression,two_slot_pca38_buffer_regressor_xgboost,two_slot38,XGBoost,all,46,concentration,0.57671045443773,3.556203696994354,3
regression,two_slot_pca38_buffer_regressor_mlp,two_slot38,MLP,all,42,functionalization,1.2720270613263671,2.5219254674797353,1
regression,two_slot_pca38_buffer_regressor_mlp,two_slot38,MLP,all,42,molecular_weight,0.6804464954438876,2.5219254674797353,2
regression,two_slot_pca38_buffer_regressor_mlp,two_slot38,MLP,all,42,concentration,0.569451910709481,2.5219254674797353,3
regression,two_slot_pca38_buffer_regressor_mlp,two_slot38,MLP,all,43,functionalization,1.4606187229983874,2.582759776795222,1
regression,two_slot_pca38_buffer_regressor_mlp,two_slot38,MLP,all,43,molecular_weight,0.6521604493799178,2.582759776795222,2
regression,two_slot_pca38_buffer_regressor_mlp,two_slot38,MLP,all,43,concentration,0.4699806044169177,2.582759776795222,3
regression,two_slot_pca38_buffer_regressor_mlp,two_slot38,MLP,all,44,functionalization,1.0573696178021277,2.0372861319431483,1
regression,two_slot_pca38_buffer_regressor_mlp,two_slot38,MLP,all,44,molecular_weight,0.47356607184766175,2.0372861319431483,3
regression,two_slot_pca38_buffer_regressor_mlp,two_slot38,MLP,all,44,concentration,0.5063504422933589,2.0372861319431483,2
regression,two_slot_pca38_buffer_regressor_mlp,two_slot38,MLP,all,45,functionalization,1.0669935587835742,2.2305746182766635,1
regression,two_slot_pca38_buffer_regressor_mlp,two_slot38,MLP,all,45,molecular_weight,0.6297458095548645,2.2305746182766635,2
regression,two_slot_pca38_buffer_regressor_mlp,two_slot38,MLP,all,45,concentration,0.5338352499382251,2.2305746182766635,3
regression,two_slot_pca38_buffer_regressor_mlp,two_slot38,MLP,all,46,functionalization,1.444617204376501,2.922384947205149,1
regression,two_slot_pca38_buffer_regressor_mlp,two_slot38,MLP,all,46,molecular_weight,0.81823064970573,2.922384947205149,2
regression,two_slot_pca38_buffer_regressor_mlp,two_slot38,MLP,all,46,concentration,0.6595370931229179,2.922384947205149,3
classification,descriptor24_buffer_classifier_xgboost,descriptor24,XGBoost,all,42,functionalization,0.0510887854698737,0.16274348318852694,2
classification,descriptor24_buffer_classifier_xgboost,descriptor24,XGBoost,all,42,molecular_weight,0.03110870927506193,0.16274348318852694,3
classification,descriptor24_buffer_classifier_xgboost,descriptor24,XGBoost,all,42,concentration,0.08054598844359127,0.16274348318852694,1
classification,descriptor24_buffer_classifier_xgboost,descriptor24,XGBoost,all,43,functionalization,0.041323949748870395,0.15806458560532,2
classification,descriptor24_buffer_classifier_xgboost,descriptor24,XGBoost,all,43,molecular_weight,0.03343812944418327,0.15806458560532,3
classification,descriptor24_buffer_classifier_xgboost,descriptor24,XGBoost,all,43,concentration,0.08330250641226633,0.15806458560532,1
classification,descriptor24_buffer_classifier_xgboost,descriptor24,XGBoost,all,44,functionalization,0.0417344411596468,0.1506980101656057,2
classification,descriptor24_buffer_classifier_xgboost,descriptor24,XGBoost,all,44,molecular_weight,0.03518654026565834,0.1506980101656057,3
classification,descriptor24_buffer_classifier_xgboost,descriptor24,XGBoost,all,44,concentration,0.07377702874030057,0.1506980101656057,1
classification,descriptor24_buffer_classifier_xgboost,descriptor24,XGBoost,all,45,functionalization,0.04925844658166085,0.1734733010554726,2
classification,descriptor24_buffer_classifier_xgboost,descriptor24,XGBoost,all,45,molecular_weight,0.03797022965619159,0.1734733010554726,3
classification,descriptor24_buffer_classifier_xgboost,descriptor24,XGBoost,all,45,concentration,0.08624462481762013,0.1734733010554726,1
classification,descriptor24_buffer_classifier_xgboost,descriptor24,XGBoost,all,46,functionalization,0.045912800408948594,0.16008297173776792,2
classification,descriptor24_buffer_classifier_xgboost,descriptor24,XGBoost,all,46,molecular_weight,0.033084309134623596,0.16008297173776792,3
classification,descriptor24_buffer_classifier_xgboost,descriptor24,XGBoost,all,46,concentration,0.08108586219419571,0.16008297173776792,1
classification,descriptor24_buffer_classifier_xgboost,descriptor24,XGBoost,dexma_only,42,functionalization,0.02936854252749542,0.10126162141814878,2
classification,descriptor24_buffer_classifier_xgboost,descriptor24,XGBoost,dexma_only,42,molecular_weight,0.006192259689719933,0.10126162141814878,3
classification,descriptor24_buffer_classifier_xgboost,descriptor24,XGBoost,dexma_only,42,concentration,0.06570081920093343,0.10126162141814878,1
classification,descriptor24_buffer_classifier_xgboost,descriptor24,XGBoost,dexma_only,43,functionalization,0.01787066594427441,0.0932494689489011,2
classification,descriptor24_buffer_classifier_xgboost,descriptor24,XGBoost,dexma_only,43,molecular_weight,0.007775560251684249,0.0932494689489011,3
classification,descriptor24_buffer_classifier_xgboost,descriptor24,XGBoost,dexma_only,43,concentration,0.06760324275294242,0.0932494689489011,1
classification,descriptor24_buffer_classifier_xgboost,descriptor24,XGBoost,dexma_only,44,functionalization,0.01896443282743198,0.08823376012236153,2
classification,descriptor24_buffer_classifier_xgboost,descriptor24,XGBoost,dexma_only,44,molecular_weight,0.010680655856037993,0.08823376012236153,3
classification,descriptor24_buffer_classifier_xgboost,descriptor24,XGBoost,dexma_only,44,concentration,0.05858867143889155,0.08823376012236153,1
classification,descriptor24_buffer_classifier_xgboost,descriptor24,XGBoost,dexma_only,45,functionalization,0.02689137815196337,0.11116759650556134,2
classification,descriptor24_buffer_classifier_xgboost,descriptor24,XGBoost,dexma_only,45,molecular_weight,0.01320144537341587,0.11116759650556134,3
classification,descriptor24_buffer_classifier_xgboost,descriptor24,XGBoost,dexma_only,45,concentration,0.07107477298018208,0.11116759650556134,1
classification,descriptor24_buffer_classifier_xgboost,descriptor24,XGBoost,dexma_only,46,functionalization,0.021868678281591943,0.09353313820139748,2
classification,descriptor24_buffer_classifier_xgboost,descriptor24,XGBoost,dexma_only,46,molecular_weight,0.00694105455175212,0.09353313820139748,3
classification,descriptor24_buffer_classifier_xgboost,descriptor24,XGBoost,dexma_only,46,concentration,0.06472340536805342,0.09353313820139748,1
classification,descriptor24_buffer_classifier_mlp,descriptor24,MLP,all,42,functionalization,0.046022242109903334,0.11333845586311662,1
classification,descriptor24_buffer_classifier_mlp,descriptor24,MLP,all,42,molecular_weight,0.024851312385630705,0.11333845586311662,3
classification,descriptor24_buffer_classifier_mlp,descriptor24,MLP,all,42,concentration,0.04246490136758258,0.11333845586311662,2
classification,descriptor24_buffer_classifier_mlp,descriptor24,MLP,all,43,functionalization,0.03486339698901108,0.13150481234030736,2
classification,descriptor24_buffer_classifier_mlp,descriptor24,MLP,all,43,molecular_weight,0.014446441994168679,0.13150481234030736,3
classification,descriptor24_buffer_classifier_mlp,descriptor24,MLP,all,43,concentration,0.0821949733571276,0.13150481234030736,1
classification,descriptor24_buffer_classifier_mlp,descriptor24,MLP,all,44,functionalization,0.04118004289883198,0.1391922179812783,2
classification,descriptor24_buffer_classifier_mlp,descriptor24,MLP,all,44,molecular_weight,0.029736836228212347,0.1391922179812783,3
classification,descriptor24_buffer_classifier_mlp,descriptor24,MLP,all,44,concentration,0.06827533885423397,0.1391922179812783,1
classification,descriptor24_buffer_classifier_mlp,descriptor24,MLP,all,45,functionalization,0.029205602193273027,0.11545268443054302,2
classification,descriptor24_buffer_classifier_mlp,descriptor24,MLP,all,45,molecular_weight,0.01401493220708947,0.11545268443054302,3
classification,descriptor24_buffer_classifier_mlp,descriptor24,MLP,all,45,concentration,0.07223215003018053,0.11545268443054302,1
classification,descriptor24_buffer_classifier_mlp,descriptor24,MLP,all,46,functionalization,0.04044434034161918,0.11696612462847822,2
classification,descriptor24_buffer_classifier_mlp,descriptor24,MLP,all,46,molecular_weight,0.01630507552204816,0.11696612462847822,3
classification,descriptor24_buffer_classifier_mlp,descriptor24,MLP,all,46,concentration,0.06021670876481088,0.11696612462847822,1
classification,descriptor24_buffer_classifier_mlp,descriptor24,MLP,dexma_only,42,functionalization,0.017744546594848875,0.06578677564212587,2
classification,descriptor24_buffer_classifier_mlp,descriptor24,MLP,dexma_only,42,molecular_weight,0.012366009879623793,0.06578677564212587,3
classification,descriptor24_buffer_classifier_mlp,descriptor24,MLP,dexma_only,42,concentration,0.03567621916765321,0.06578677564212587,1
classification,descriptor24_buffer_classifier_mlp,descriptor24,MLP,dexma_only,43,functionalization,0.005370865517048126,0.07371838163990779,2
classification,descriptor24_buffer_classifier_mlp,descriptor24,MLP,dexma_only,43,molecular_weight,0.0048316301602370606,0.07371838163990779,3
classification,descriptor24_buffer_classifier_mlp,descriptor24,MLP,dexma_only,43,concentration,0.06351588596262259,0.07371838163990779,1
classification,descriptor24_buffer_classifier_mlp,descriptor24,MLP,dexma_only,44,functionalization,0.010757160979240142,0.07433693833851407,3
classification,descriptor24_buffer_classifier_mlp,descriptor24,MLP,dexma_only,44,molecular_weight,0.01285747593894433,0.07433693833851407,2
classification,descriptor24_buffer_classifier_mlp,descriptor24,MLP,dexma_only,44,concentration,0.05072230142032961,0.07433693833851407,1
classification,descriptor24_buffer_classifier_mlp,descriptor24,MLP,dexma_only,45,functionalization,0.002638073072629409,0.06467250700157165,3
classification,descriptor24_buffer_classifier_mlp,descriptor24,MLP,dexma_only,45,molecular_weight,0.007028658141744697,0.06467250700157165,2
classification,descriptor24_buffer_classifier_mlp,descriptor24,MLP,dexma_only,45,concentration,0.05500577578719756,0.06467250700157165,1
classification,descriptor24_buffer_classifier_mlp,descriptor24,MLP,dexma_only,46,functionalization,0.012120583097942852,0.05958631625771146,2
classification,descriptor24_buffer_classifier_mlp,descriptor24,MLP,dexma_only,46,molecular_weight,0.0026563385327235643,0.05958631625771146,3
classification,descriptor24_buffer_classifier_mlp,descriptor24,MLP,dexma_only,46,concentration,0.04480939462704504,0.05958631625771146,1
classification,two_slot_pca38_buffer_classifier_xgboost,two_slot38,XGBoost,all,42,functionalization,0.047957692433026305,0.15647791123299523,2
classification,two_slot_pca38_buffer_classifier_xgboost,two_slot38,XGBoost,all,42,molecular_weight,0.02889092844902077,0.15647791123299523,3
classification,two_slot_pca38_buffer_classifier_xgboost,two_slot38,XGBoost,all,42,concentration,0.07962929035094816,0.15647791123299523,1
classification,two_slot_pca38_buffer_classifier_xgboost,two_slot38,XGBoost,all,43,functionalization,0.03923302548804945,0.15276188546445563,2
classification,two_slot_pca38_buffer_classifier_xgboost,two_slot38,XGBoost,all,43,molecular_weight,0.030957991408716884,0.15276188546445563,3
classification,two_slot_pca38_buffer_classifier_xgboost,two_slot38,XGBoost,all,43,concentration,0.08257086856768926,0.15276188546445563,1
classification,two_slot_pca38_buffer_classifier_xgboost,two_slot38,XGBoost,all,44,functionalization,0.03957912174894584,0.14640574493384034,2
classification,two_slot_pca38_buffer_classifier_xgboost,two_slot38,XGBoost,all,44,molecular_weight,0.03422348891564925,0.14640574493384034,3
classification,two_slot_pca38_buffer_classifier_xgboost,two_slot38,XGBoost,all,44,concentration,0.07260313426924526,0.14640574493384034,1
classification,two_slot_pca38_buffer_classifier_xgboost,two_slot38,XGBoost,all,45,functionalization,0.046659899594570044,0.16709929366989218,2
classification,two_slot_pca38_buffer_classifier_xgboost,two_slot38,XGBoost,all,45,molecular_weight,0.035686713792623025,0.16709929366989218,3
classification,two_slot_pca38_buffer_classifier_xgboost,two_slot38,XGBoost,all,45,concentration,0.08475268028269914,0.16709929366989218,1
classification,two_slot_pca38_buffer_classifier_xgboost,two_slot38,XGBoost,all,46,functionalization,0.043964523967095846,0.15577758587560803,2
classification,two_slot_pca38_buffer_classifier_xgboost,two_slot38,XGBoost,all,46,molecular_weight,0.0315872091790299,0.15577758587560803,3
classification,two_slot_pca38_buffer_classifier_xgboost,two_slot38,XGBoost,all,46,concentration,0.08022585272948228,0.15577758587560803,1
classification,two_slot_pca38_buffer_classifier_xgboost,two_slot38,XGBoost,dexma_only,42,functionalization,0.02689857137296153,0.09594933031698322,2
classification,two_slot_pca38_buffer_classifier_xgboost,two_slot38,XGBoost,dexma_only,42,molecular_weight,0.004147869884373869,0.09594933031698322,3
classification,two_slot_pca38_buffer_classifier_xgboost,two_slot38,XGBoost,dexma_only,42,concentration,0.0649028890596478,0.09594933031698322,1
classification,two_slot_pca38_buffer_classifier_xgboost,two_slot38,XGBoost,dexma_only,43,functionalization,0.016046106354816212,0.08882330504981002,2
classification,two_slot_pca38_buffer_classifier_xgboost,two_slot38,XGBoost,dexma_only,43,molecular_weight,0.005163745208779418,0.08882330504981002,3
classification,two_slot_pca38_buffer_classifier_xgboost,two_slot38,XGBoost,dexma_only,43,concentration,0.06761345348621439,0.08882330504981002,1
classification,two_slot_pca38_buffer_classifier_xgboost,two_slot38,XGBoost,dexma_only,44,functionalization,0.01734740352625558,0.08531201102711186,2
classification,two_slot_pca38_buffer_classifier_xgboost,two_slot38,XGBoost,dexma_only,44,molecular_weight,0.009855826501887642,0.08531201102711186,3
classification,two_slot_pca38_buffer_classifier_xgboost,two_slot38,XGBoost,dexma_only,44,concentration,0.058108780998968636,0.08531201102711186,1
classification,two_slot_pca38_buffer_classifier_xgboost,two_slot38,XGBoost,dexma_only,45,functionalization,0.02505536526262091,0.10789377282991455,2
classification,two_slot_pca38_buffer_classifier_xgboost,two_slot38,XGBoost,dexma_only,45,molecular_weight,0.011549838701298436,0.10789377282991455,3
classification,two_slot_pca38_buffer_classifier_xgboost,two_slot38,XGBoost,dexma_only,45,concentration,0.07128856886599522,0.10789377282991455,1
classification,two_slot_pca38_buffer_classifier_xgboost,two_slot38,XGBoost,dexma_only,46,functionalization,0.0205673969728579,0.09112280480575774,2
classification,two_slot_pca38_buffer_classifier_xgboost,two_slot38,XGBoost,dexma_only,46,molecular_weight,0.005898380618593795,0.09112280480575774,3
classification,two_slot_pca38_buffer_classifier_xgboost,two_slot38,XGBoost,dexma_only,46,concentration,0.06465702721430604,0.09112280480575774,1
classification,two_slot_pca38_buffer_classifier_mlp,two_slot38,MLP,all,42,functionalization,0.05515631338197112,0.11051411995588753,1
classification,two_slot_pca38_buffer_classifier_mlp,two_slot38,MLP,all,42,molecular_weight,0.013688941979346636,0.11051411995588753,3
classification,two_slot_pca38_buffer_classifier_mlp,two_slot38,MLP,all,42,concentration,0.041668864594569775,0.11051411995588753,2
classification,two_slot_pca38_buffer_classifier_mlp,two_slot38,MLP,all,43,functionalization,0.04811678689694917,0.14042136608967815,2
classification,two_slot_pca38_buffer_classifier_mlp,two_slot38,MLP,all,43,molecular_weight,0.011995700728079707,0.14042136608967815,3
classification,two_slot_pca38_buffer_classifier_mlp,two_slot38,MLP,all,43,concentration,0.08030887846464929,0.14042136608967815,1
classification,two_slot_pca38_buffer_classifier_mlp,two_slot38,MLP,all,44,functionalization,0.04201267363322361,0.13020410538265578,2
classification,two_slot_pca38_buffer_classifier_mlp,two_slot38,MLP,all,44,molecular_weight,0.025916384367381376,0.13020410538265578,3
classification,two_slot_pca38_buffer_classifier_mlp,two_slot38,MLP,all,44,concentration,0.062275047382050766,0.13020410538265578,1
classification,two_slot_pca38_buffer_classifier_mlp,two_slot38,MLP,all,45,functionalization,0.03628320104656541,0.12658908589907875,2
classification,two_slot_pca38_buffer_classifier_mlp,two_slot38,MLP,all,45,molecular_weight,0.01456438345309768,0.12658908589907875,3
classification,two_slot_pca38_buffer_classifier_mlp,two_slot38,MLP,all,45,concentration,0.07574150139941566,0.12658908589907875,1
classification,two_slot_pca38_buffer_classifier_mlp,two_slot38,MLP,all,46,functionalization,0.03920593537457161,0.10957674857818628,2
classification,two_slot_pca38_buffer_classifier_mlp,two_slot38,MLP,all,46,molecular_weight,0.014899098335183717,0.10957674857818628,3
classification,two_slot_pca38_buffer_classifier_mlp,two_slot38,MLP,all,46,concentration,0.055471714868430964,0.10957674857818628,1
classification,two_slot_pca38_buffer_classifier_mlp,two_slot38,MLP,dexma_only,42,functionalization,0.025297355491111256,0.06627200495067301,2
classification,two_slot_pca38_buffer_classifier_mlp,two_slot38,MLP,dexma_only,42,molecular_weight,0.003759412469742287,0.06627200495067301,3
classification,two_slot_pca38_buffer_classifier_mlp,two_slot38,MLP,dexma_only,42,concentration,0.03721523698981946,0.06627200495067301,1
classification,two_slot_pca38_buffer_classifier_mlp,two_slot38,MLP,dexma_only,43,functionalization,0.018904640342260436,0.08638857902932047,2
classification,two_slot_pca38_buffer_classifier_mlp,two_slot38,MLP,dexma_only,43,molecular_weight,0.004430696935044814,0.08638857902932047,3
classification,two_slot_pca38_buffer_classifier_mlp,two_slot38,MLP,dexma_only,43,concentration,0.06305324175201521,0.08638857902932047,1
classification,two_slot_pca38_buffer_classifier_mlp,two_slot38,MLP,dexma_only,44,functionalization,0.009947816715978141,0.06967336645411756,3
classification,two_slot_pca38_buffer_classifier_mlp,two_slot38,MLP,dexma_only,44,molecular_weight,0.012934092327382997,0.06967336645411756,2
classification,two_slot_pca38_buffer_classifier_mlp,two_slot38,MLP,dexma_only,44,concentration,0.04679145741075643,0.06967336645411756,1
classification,two_slot_pca38_buffer_classifier_mlp,two_slot38,MLP,dexma_only,45,functionalization,0.0074013020670032695,0.07152968182154702,3
classification,two_slot_pca38_buffer_classifier_mlp,two_slot38,MLP,dexma_only,45,molecular_weight,0.008559676257586635,0.07152968182154702,2
classification,two_slot_pca38_buffer_classifier_mlp,two_slot38,MLP,dexma_only,45,concentration,0.05556870349695712,0.07152968182154702,1
classification,two_slot_pca38_buffer_classifier_mlp,two_slot38,MLP,dexma_only,46,functionalization,0.011279999457903006,0.052460701077419986,2
classification,two_slot_pca38_buffer_classifier_mlp,two_slot38,MLP,dexma_only,46,molecular_weight,0.0019365963940699343,0.052460701077419986,3
classification,two_slot_pca38_buffer_classifier_mlp,two_slot38,MLP,dexma_only,46,concentration,0.039244105225447044,0.052460701077419986,1
