task,scoring_population,polymer_functionalization_percent,polymer_mw_kda,polymer_concentration_mg_ml,n_conditions
regression,all,88.0,86.0,10.0,144
regression,all,70.0,250.0,10.0,13
regression,all,88.0,86.0,1.0,13
regression,all,70.0,250.0,1.0,11
regression,all,70.0,86.0,10.0,10
regression,all,70.0,86.0,1.0,9
regression,all,60.0,20.0,10.0,4
regression,all,60.0,40.0,10.0,4
regression,all,,,0.0,4
regression,all,60.0,20.0,0.1,3
regression,all,60.0,20.0,100.0,3
regression,all,60.0,40.0,0.1,3
regression,all,60.0,40.0,100.0,3
regression,all,60.0,20.0,1.0,2
regression,all,60.0,20.0,20.0,2
regression,all,60.0,20.0,30.0,2
regression,all,60.0,20.0,40.0,2
regression,all,60.0,20.0,50.0,2
regression,all,60.0,40.0,20.0,2
regression,all,60.0,40.0,30.0,2
regression,all,60.0,40.0,40.0,2
regression,all,60.0,40.0,50.0,2
regression,all,88.0,86.0,5.0,2
regression,all,88.0,86.0,20.0,2
regression,all,88.0,86.0,30.0,2
regression,all,88.0,86.0,40.0,2
regression,all,88.0,86.0,50.0,2
regression,all,60.0,20.0,2.0,1
regression,all,60.0,40.0,1.0,1
regression,all,60.0,40.0,2.0,1
regression,all,70.0,86.0,0.5,1
regression,all,70.0,86.0,2.0,1
regression,all,70.0,86.0,5.0,1
regression,all,70.0,250.0,0.1,1
regression,all,70.0,250.0,0.5,1
regression,all,70.0,250.0,2.0,1
regression,all,70.0,250.0,5.0,1
regression,all,70.0,500.0,0.1,1
regression,all,70.0,500.0,0.5,1
regression,all,70.0,500.0,1.0,1
regression,all,70.0,500.0,2.0,1
regression,all,70.0,500.0,5.0,1
regression,all,70.0,500.0,10.0,1
regression,all,80.0,86.0,10.0,1
regression,all,88.0,86.0,0.5,1
regression,all,88.0,86.0,2.5,1
regression,all,88.0,86.0,100.0,1
classification,all,88.0,86.0,10.0,181
classification,all,,,0.0,48
classification,all,88.0,86.0,1.0,22
classification,all,70.0,86.0,1.0,18
classification,all,70.0,86.0,10.0,18
classification,all,70.0,250.0,1.0,18
classification,all,70.0,250.0,10.0,18
classification,all,60.0,20.0,0.1,4
classification,all,60.0,20.0,10.0,4
classification,all,60.0,40.0,0.1,4
classification,all,60.0,40.0,10.0,4
classification,all,60.0,20.0,2.0,3
classification,all,60.0,20.0,100.0,3
classification,all,60.0,40.0,2.0,3
classification,all,60.0,40.0,100.0,3
classification,all,60.0,20.0,0.01,2
classification,all,60.0,20.0,1.0,2
classification,all,60.0,20.0,20.0,2
classification,all,60.0,20.0,30.0,2
classification,all,60.0,20.0,40.0,2
classification,all,60.0,20.0,50.0,2
classification,all,60.0,40.0,0.01,2
classification,all,60.0,40.0,1.0,2
classification,all,60.0,40.0,20.0,2
classification,all,60.0,40.0,30.0,2
classification,all,60.0,40.0,40.0,2
classification,all,60.0,40.0,50.0,2
classification,all,88.0,86.0,5.0,2
classification,all,88.0,86.0,20.0,2
classification,all,88.0,86.0,30.0,2
classification,all,88.0,86.0,40.0,2
classification,all,88.0,86.0,50.0,2
classification,all,70.0,86.0,0.1,1
classification,all,70.0,86.0,0.5,1
classification,all,70.0,86.0,2.0,1
classification,all,70.0,86.0,5.0,1
classification,all,70.0,250.0,0.1,1
classification,all,70.0,250.0,0.5,1
classification,all,70.0,250.0,2.0,1
classification,all,70.0,250.0,5.0,1
classification,all,70.0,500.0,0.1,1
classification,all,70.0,500.0,0.5,1
classification,all,70.0,500.0,1.0,1
classification,all,70.0,500.0,2.0,1
classification,all,70.0,500.0,5.0,1
classification,all,70.0,500.0,10.0,1
classification,all,80.0,86.0,10.0,1
classification,all,88.0,86.0,0.5,1
classification,all,88.0,86.0,2.5,1
classification,all,88.0,86.0,100.0,1
classification,dexma_only,88.0,86.0,10.0,181
classification,dexma_only,88.0,86.0,1.0,22
classification,dexma_only,70.0,86.0,1.0,18
classification,dexma_only,70.0,86.0,10.0,18
classification,dexma_only,70.0,250.0,1.0,18
classification,dexma_only,70.0,250.0,10.0,18
classification,dexma_only,60.0,20.0,0.1,4
classification,dexma_only,60.0,20.0,10.0,4
classification,dexma_only,60.0,40.0,0.1,4
classification,dexma_only,60.0,40.0,10.0,4
classification,dexma_only,60.0,20.0,2.0,3
classification,dexma_only,60.0,20.0,100.0,3
classification,dexma_only,60.0,40.0,2.0,3
classification,dexma_only,60.0,40.0,100.0,3
classification,dexma_only,60.0,20.0,0.01,2
classification,dexma_only,60.0,20.0,1.0,2
classification,dexma_only,60.0,20.0,20.0,2
classification,dexma_only,60.0,20.0,30.0,2
classification,dexma_only,60.0,20.0,40.0,2
classification,dexma_only,60.0,20.0,50.0,2
classification,dexma_only,60.0,40.0,0.01,2
classification,dexma_only,60.0,40.0,1.0,2
classification,dexma_only,60.0,40.0,20.0,2
classification,dexma_only,60.0,40.0,30.0,2
classification,dexma_only,60.0,40.0,40.0,2
classification,dexma_only,60.0,40.0,50.0,2
classification,dexma_only,88.0,86.0,5.0,2
classification,dexma_only,88.0,86.0,20.0,2
classification,dexma_only,88.0,86.0,30.0,2
classification,dexma_only,88.0,86.0,40.0,2
classification,dexma_only,88.0,86.0,50.0,2
classification,dexma_only,70.0,86.0,0.1,1
classification,dexma_only,70.0,86.0,0.5,1
classification,dexma_only,70.0,86.0,2.0,1
classification,dexma_only,70.0,86.0,5.0,1
classification,dexma_only,70.0,250.0,0.1,1
classification,dexma_only,70.0,250.0,0.5,1
classification,dexma_only,70.0,250.0,2.0,1
classification,dexma_only,70.0,250.0,5.0,1
classification,dexma_only,70.0,500.0,0.1,1
classification,dexma_only,70.0,500.0,0.5,1
classification,dexma_only,70.0,500.0,1.0,1
classification,dexma_only,70.0,500.0,2.0,1
classification,dexma_only,70.0,500.0,5.0,1
classification,dexma_only,70.0,500.0,10.0,1
classification,dexma_only,80.0,86.0,10.0,1
classification,dexma_only,88.0,86.0,0.5,1
classification,dexma_only,88.0,86.0,2.5,1
classification,dexma_only,88.0,86.0,100.0,1
