task,scoring_population,polymer_functionalization_percent,polymer_mw_kda,n_conditions
regression,all,60.0,20.0,21
regression,all,60.0,40.0,20
regression,all,70.0,86.0,22
regression,all,70.0,250.0,28
regression,all,70.0,500.0,6
regression,all,80.0,86.0,1
regression,all,88.0,86.0,170
regression,all,,,4
classification,all,60.0,20.0,26
classification,all,60.0,40.0,26
classification,all,70.0,86.0,40
classification,all,70.0,250.0,40
classification,all,70.0,500.0,6
classification,all,80.0,86.0,1
classification,all,88.0,86.0,216
classification,all,,,48
classification,dexma_only,60.0,20.0,26
classification,dexma_only,60.0,40.0,26
classification,dexma_only,70.0,86.0,40
classification,dexma_only,70.0,250.0,40
classification,dexma_only,70.0,500.0,6
classification,dexma_only,80.0,86.0,1
classification,dexma_only,88.0,86.0,216
