task,model_id,feature_set,model_family,scoring_population,polymer_feature,importance_mean,importance_std,median_rank,best_rank,worst_rank,top_rank_count,top_rank_fraction
regression,descriptor24_buffer_regressor_xgboost,descriptor24,XGBoost,all,functionalization,1.8014314385999133,0.04934344204878621,1.0,1,1,5,1.0
regression,descriptor24_buffer_regressor_xgboost,descriptor24,XGBoost,all,molecular_weight,1.2025782869033574,0.05490086447799572,2.0,2,2,0,0.0
regression,descriptor24_buffer_regressor_xgboost,descriptor24,XGBoost,all,concentration,0.5244087946596434,0.05527528527758607,3.0,3,3,0,0.0
regression,descriptor24_buffer_regressor_mlp,descriptor24,MLP,all,functionalization,1.480915498667294,0.22695161347774787,1.0,1,1,5,1.0
regression,descriptor24_buffer_regressor_mlp,descriptor24,MLP,all,molecular_weight,0.7315896213073534,0.10795245951583475,2.0,2,3,0,0.0
regression,descriptor24_buffer_regressor_mlp,descriptor24,MLP,all,concentration,0.5897518843728132,0.08077452627162256,3.0,2,3,0,0.0
regression,two_slot_pca38_buffer_regressor_xgboost,two_slot38,XGBoost,all,functionalization,1.7865720441968929,0.055302726501489166,1.0,1,1,5,1.0
regression,two_slot_pca38_buffer_regressor_xgboost,two_slot38,XGBoost,all,molecular_weight,1.2028391353723138,0.04164973133551931,2.0,2,2,0,0.0
regression,two_slot_pca38_buffer_regressor_xgboost,two_slot38,XGBoost,all,concentration,0.5231574591836947,0.055104534850375905,3.0,3,3,0,0.0
regression,two_slot_pca38_buffer_regressor_mlp,two_slot38,MLP,all,functionalization,1.2603252330573915,0.1954392895705876,1.0,1,1,5,1.0
regression,two_slot_pca38_buffer_regressor_mlp,two_slot38,MLP,all,molecular_weight,0.6508298951864123,0.12325677236008172,2.0,2,3,0,0.0
regression,two_slot_pca38_buffer_regressor_mlp,two_slot38,MLP,all,concentration,0.5478310600961801,0.07232378032252486,3.0,2,3,0,0.0
classification,descriptor24_buffer_classifier_xgboost,descriptor24,XGBoost,all,functionalization,0.045863684673800066,0.004372880751959575,2.0,2,2,0,0.0
classification,descriptor24_buffer_classifier_xgboost,descriptor24,XGBoost,all,molecular_weight,0.03415758355514374,0.002576828902896616,3.0,3,3,0,0.0
classification,descriptor24_buffer_classifier_xgboost,descriptor24,XGBoost,all,concentration,0.0809912021215948,0.004614977000782106,1.0,1,1,5,1.0
classification,descriptor24_buffer_classifier_xgboost,descriptor24,XGBoost,dexma_only,functionalization,0.022992739546551424,0.004989405108959658,2.0,2,2,0,0.0
classification,descriptor24_buffer_classifier_xgboost,descriptor24,XGBoost,dexma_only,molecular_weight,0.008958195144522032,0.002919328853033371,3.0,3,3,0,0.0
classification,descriptor24_buffer_classifier_xgboost,descriptor24,XGBoost,dexma_only,concentration,0.06553818234820058,0.0045799651869099295,1.0,1,1,5,1.0
classification,descriptor24_buffer_classifier_mlp,descriptor24,MLP,all,functionalization,0.03834312490652772,0.006462098705879067,2.0,1,2,1,0.2
classification,descriptor24_buffer_classifier_mlp,descriptor24,MLP,all,molecular_weight,0.01987091966742987,0.007045803943560238,3.0,3,3,0,0.0
classification,descriptor24_buffer_classifier_mlp,descriptor24,MLP,all,concentration,0.06507681447478711,0.014911237293708702,1.0,1,2,4,0.8
classification,descriptor24_buffer_classifier_mlp,descriptor24,MLP,dexma_only,functionalization,0.00972624585234188,0.005922421693487139,2.0,2,3,0,0.0
classification,descriptor24_buffer_classifier_mlp,descriptor24,MLP,dexma_only,molecular_weight,0.00794802253065469,0.004532670206505521,3.0,2,3,0,0.0
classification,descriptor24_buffer_classifier_mlp,descriptor24,MLP,dexma_only,concentration,0.049945915392969595,0.01049234410981869,1.0,1,1,5,1.0
classification,two_slot_pca38_buffer_classifier_xgboost,two_slot38,XGBoost,all,functionalization,0.043478852646337496,0.003989044104908496,2.0,2,2,0,0.0
classification,two_slot_pca38_buffer_classifier_xgboost,two_slot38,XGBoost,all,molecular_weight,0.032269266349007966,0.0026970235347733274,3.0,3,3,0,0.0
classification,two_slot_pca38_buffer_classifier_xgboost,two_slot38,XGBoost,all,concentration,0.07995636524001282,0.004585026522241245,1.0,1,1,5,1.0
classification,two_slot_pca38_buffer_classifier_xgboost,two_slot38,XGBoost,dexma_only,functionalization,0.021182968697902427,0.004720736503979757,2.0,2,2,0,0.0
classification,two_slot_pca38_buffer_classifier_xgboost,two_slot38,XGBoost,dexma_only,molecular_weight,0.0073231321829866315,0.0032036989673867684,3.0,3,3,0,0.0
classification,two_slot_pca38_buffer_classifier_xgboost,two_slot38,XGBoost,dexma_only,concentration,0.06531414392502641,0.0048347379883881495,1.0,1,1,5,1.0
classification,two_slot_pca38_buffer_classifier_mlp,two_slot38,MLP,all,functionalization,0.04415498206665618,0.007546069725945303,2.0,1,2,1,0.2
classification,two_slot_pca38_buffer_classifier_mlp,two_slot38,MLP,all,molecular_weight,0.016212901772617826,0.005539774911424409,3.0,3,3,0,0.0
classification,two_slot_pca38_buffer_classifier_mlp,two_slot38,MLP,all,concentration,0.0630932013418233,0.015605429104721827,1.0,1,2,4,0.8
classification,two_slot_pca38_buffer_classifier_mlp,two_slot38,MLP,dexma_only,functionalization,0.014566222814851221,0.007372993003632064,2.0,2,3,0,0.0
classification,two_slot_pca38_buffer_classifier_mlp,two_slot38,MLP,dexma_only,molecular_weight,0.006324094876765334,0.004418783343797994,3.0,2,3,0,0.0
classification,two_slot_pca38_buffer_classifier_mlp,two_slot38,MLP,dexma_only,concentration,0.04837454897499906,0.010927274441448316,1.0,1,1,5,1.0
