task,model_id,feature_set,model_family,scoring_population,polymer_feature,importance,ci95_low,ci95_high,parent_polymer_importance,n_conditions
regression,descriptor24_buffer_regressor_xgboost,descriptor24,XGBoost,all,functionalization,1.786921662499028,1.3767347171093431,2.229089144344415,3.5358368741997395,272
regression,descriptor24_buffer_regressor_xgboost,descriptor24,XGBoost,all,molecular_weight,1.207865447823922,0.8726638591457881,1.5600785288903989,3.5358368741997395,272
regression,descriptor24_buffer_regressor_xgboost,descriptor24,XGBoost,all,concentration,0.5410497638767895,0.23716597038643245,0.8342414022663835,3.5358368741997395,272
regression,descriptor24_buffer_regressor_mlp,descriptor24,MLP,all,functionalization,1.5412370953286232,1.1642745314889236,1.9068793568399898,2.9457133767233206,272
regression,descriptor24_buffer_regressor_mlp,descriptor24,MLP,all,molecular_weight,0.7808897770944038,0.5696695707076456,1.0013245535217776,2.9457133767233206,272
regression,descriptor24_buffer_regressor_mlp,descriptor24,MLP,all,concentration,0.623586504300294,0.3791914228191643,0.8666310445303688,2.9457133767233206,272
regression,two_slot_pca38_buffer_regressor_xgboost,two_slot38,XGBoost,all,functionalization,1.76984530455775,1.3588633219229773,2.207162095599994,3.5238510570105768,272
regression,two_slot_pca38_buffer_regressor_xgboost,two_slot38,XGBoost,all,molecular_weight,1.2077701527963043,0.8728691474583588,1.5574722159122554,3.5238510570105768,272
regression,two_slot_pca38_buffer_regressor_xgboost,two_slot38,XGBoost,all,concentration,0.546235599656522,0.23843228012826426,0.8430002604333504,3.5238510570105768,272
regression,two_slot_pca38_buffer_regressor_mlp,two_slot38,MLP,all,functionalization,1.3941617364848502,1.0739062458665358,1.7032890780332903,2.7041005244616825,272
regression,two_slot_pca38_buffer_regressor_mlp,two_slot38,MLP,all,molecular_weight,0.7216970846146546,0.5286188521841539,0.9118632949663121,2.7041005244616825,272
regression,two_slot_pca38_buffer_regressor_mlp,two_slot38,MLP,all,concentration,0.5882417033621772,0.3693647316742639,0.8078088570411097,2.7041005244616825,272
classification,descriptor24_buffer_classifier_xgboost,descriptor24,XGBoost,all,functionalization,0.04746763201327724,0.030348475823758117,0.06385725593262377,0.16336722829931236,403
classification,descriptor24_buffer_classifier_xgboost,descriptor24,XGBoost,all,molecular_weight,0.03377625401271398,0.017969874387642824,0.04985995171323326,0.16336722829931236,403
classification,descriptor24_buffer_classifier_xgboost,descriptor24,XGBoost,all,concentration,0.08212334227332113,0.05258910843305891,0.11253838298139318,0.16336722829931236,403
classification,descriptor24_buffer_classifier_xgboost,descriptor24,XGBoost,dexma_only,functionalization,0.024980455442005358,0.009504165137332063,0.04073709693856692,0.10063429854828136,355
classification,descriptor24_buffer_classifier_xgboost,descriptor24,XGBoost,dexma_only,molecular_weight,0.008730189275429517,-0.0041829932481236435,0.022421998088704473,0.10063429854828136,355
classification,descriptor24_buffer_classifier_xgboost,descriptor24,XGBoost,dexma_only,concentration,0.06692365383084647,0.036065704918070825,0.09979511274250197,0.10063429854828136,355
classification,descriptor24_buffer_classifier_mlp,descriptor24,MLP,all,functionalization,0.04114364851803553,0.025762389322150147,0.0562721141702408,0.12919209012368552,403
classification,descriptor24_buffer_classifier_mlp,descriptor24,MLP,all,molecular_weight,0.02203603577922277,0.013893566091664498,0.030006018749265333,0.12919209012368552,403
classification,descriptor24_buffer_classifier_mlp,descriptor24,MLP,all,concentration,0.0660124058264272,0.03921269149051861,0.09189087765616714,0.12919209012368552,403
classification,descriptor24_buffer_classifier_mlp,descriptor24,MLP,dexma_only,functionalization,0.011716513914749285,0.0015308498760181642,0.02122305399906926,0.07182436966297355,355
classification,descriptor24_buffer_classifier_mlp,descriptor24,MLP,dexma_only,molecular_weight,0.009791754525571093,0.0018616489431438775,0.017723942459365757,0.07182436966297355,355
classification,descriptor24_buffer_classifier_mlp,descriptor24,MLP,dexma_only,concentration,0.050316101222653176,0.023043510770161917,0.07727336894810777,0.07182436966297355,355
classification,two_slot_pca38_buffer_classifier_xgboost,two_slot38,XGBoost,all,functionalization,0.04523175815254838,0.0279071195344175,0.06158335466102763,0.15810132297113025,403
classification,two_slot_pca38_buffer_classifier_xgboost,two_slot38,XGBoost,all,molecular_weight,0.03196227022251216,0.015472256269966563,0.04806191603054799,0.15810132297113025,403
classification,two_slot_pca38_buffer_classifier_xgboost,two_slot38,XGBoost,all,concentration,0.08090729459606971,0.050887847970826516,0.11100311460273259,0.15810132297113025,403
classification,two_slot_pca38_buffer_classifier_xgboost,two_slot38,XGBoost,dexma_only,functionalization,0.02325679484696713,0.00788355253511561,0.03882236936595063,0.09669322701707972,355
classification,two_slot_pca38_buffer_classifier_xgboost,two_slot38,XGBoost,dexma_only,molecular_weight,0.007067633939624786,-0.00684829336985035,0.021343367046714905,0.09669322701707972,355
classification,two_slot_pca38_buffer_classifier_xgboost,two_slot38,XGBoost,dexma_only,concentration,0.06636879823048779,0.035386423677418774,0.0999706660623078,0.09669322701707972,355
classification,two_slot_pca38_buffer_classifier_mlp,two_slot38,MLP,all,functionalization,0.04474957104664949,0.029104328190442244,0.06086030698455232,0.1288675820471302,403
classification,two_slot_pca38_buffer_classifier_mlp,two_slot38,MLP,all,molecular_weight,0.01916360148399591,0.01123543257147933,0.026719237484054015,0.1288675820471302,403
classification,two_slot_pca38_buffer_classifier_mlp,two_slot38,MLP,all,concentration,0.06495440951648476,0.03861471774364664,0.09031100762875724,0.1288675820471302,403
classification,two_slot_pca38_buffer_classifier_mlp,two_slot38,MLP,dexma_only,functionalization,0.014928272474376874,0.004188180363570337,0.024377529474578885,0.07336268408010535,355
classification,two_slot_pca38_buffer_classifier_mlp,two_slot38,MLP,dexma_only,molecular_weight,0.008529279610453121,0.000645942042529127,0.01629658450268486,0.07336268408010535,355
classification,two_slot_pca38_buffer_classifier_mlp,two_slot38,MLP,dexma_only,concentration,0.049905131995275354,0.02236772494009587,0.07702598758599148,0.07336268408010535,355
